date,total_value,pnl_pct,cash,num_positions,holdings
2026-04-11,4999.93,-0.0,1860.0,7.0,"XLE,MTUM,XLI,IWM,TSLA,INTC,QCOM"
2026-04-17T10:29:27.688617+00:00,EQUITY,100000.0,100000.0,,
2026-04-17T10:30:07.380461+00:00,EQUITY,100000.0,100000.0,,
2026-04-17T10:30:15.236060+00:00,EQUITY,100000.0,100000.0,,
2026-04-17T13:34:13.627815+00:00,EQUITY,100000.0,50000.0,,
2026-04-17T13:34:13.630745+00:00,EQUITY,100000.0,100000.0,,
2026-04-17T13:35:05.774529+00:00,EQUITY,100000.0,50000.0,,
2026-04-17T13:35:05.812212+00:00,EQUITY,100000.0,100000.0,,
2026-04-17T13:35:10.772551+00:00,EQUITY,100000.0,50000.0,,
2026-04-17T13:35:10.812017+00:00,EQUITY,100000.0,100000.0,,
2026-04-17T13:37:38.690674+00:00,EQUITY,100000.0,50000.0,,
2026-04-17T13:37:38.729923+00:00,EQUITY,100000.0,100000.0,,
2026-04-17T13:38:42.993020+00:00,EQUITY,100000.0,50000.0,,
2026-04-17T13:38:43.031888+00:00,EQUITY,100000.0,100000.0,,
2026-04-17T13:40:21.948283+00:00,EQUITY,100000.0,50000.0,,
2026-04-17T13:40:21.986402+00:00,EQUITY,100000.0,100000.0,,
2026-04-17T13:41:47.023323+00:00,EQUITY,100000.0,50000.0,,
2026-04-17T13:41:47.062092+00:00,EQUITY,100000.0,100000.0,,
2026-04-17T13:44:09.466933+00:00,EQUITY,100000.0,50000.0,,
2026-04-17T13:44:09.506517+00:00,EQUITY,100000.0,100000.0,,
2026-04-17T13:44:34.664629+00:00,EQUITY,100000.0,50000.0,,
2026-04-17T13:44:34.702950+00:00,EQUITY,100000.0,100000.0,,
2026-04-17T13:45:43.803928+00:00,EQUITY,100000.0,50000.0,,
2026-04-17T13:45:43.843736+00:00,EQUITY,100000.0,100000.0,,
2026-04-17T14:25:09.354228+00:00,EQUITY,100000.0,50000.0,,
2026-04-17T14:25:09.395736+00:00,EQUITY,100000.0,100000.0,,
2026-04-17T14:26:20.054889+00:00,EQUITY,100000.0,50000.0,,
2026-04-17T14:26:20.093102+00:00,EQUITY,100000.0,100000.0,,
2026-04-17T14:27:50.044624+00:00,EQUITY,100000.0,50000.0,,
2026-04-17T14:27:50.082416+00:00,EQUITY,100000.0,100000.0,,
2026-04-17T14:27:52.093994+00:00,EQUITY,100000.0,50000.0,,
2026-04-17T14:28:03.840434+00:00,EQUITY,100000.0,50000.0,,
2026-04-17T14:28:03.879637+00:00,EQUITY,100000.0,100000.0,,
2026-04-17T14:28:05.888836+00:00,EQUITY,100000.0,50000.0,,
2026-04-17T14:28:09.311526+00:00,EQUITY,100000.0,50000.0,,
2026-04-17T14:28:09.348968+00:00,EQUITY,100000.0,100000.0,,
2026-04-17T14:28:11.360460+00:00,EQUITY,100000.0,50000.0,,
2026-04-17T14:38:12.354761+00:00,EQUITY,100000.0,100000.0,,
2026-04-17T14:41:02.892507+00:00,EQUITY,100000.0,50000.0,,
2026-04-17T14:41:02.933085+00:00,EQUITY,100000.0,100000.0,,
2026-04-17T14:41:04.943209+00:00,EQUITY,100000.0,50000.0,,
2026-04-17T14:48:20.113753+00:00,EQUITY,100000.0,50000.0,,
2026-04-17T14:48:20.152903+00:00,EQUITY,100000.0,100000.0,,
2026-04-17T14:48:22.162845+00:00,EQUITY,100000.0,50000.0,,
2026-04-17T14:49:56.418615+00:00,EQUITY,100000.0,100000.0,,
2026-04-17T14:49:56.521363+00:00,EQUITY,100000.0,100000.0,,
2026-04-17T14:49:56.591607+00:00,EQUITY,100000.0,100000.0,,
2026-04-17T14:49:56.628814+00:00,EQUITY,100000.0,100000.0,,
2026-04-17T14:50:27.533315+00:00,EQUITY,100000.0,50000.0,,
2026-04-17T14:50:27.572042+00:00,EQUITY,100000.0,100000.0,,
2026-04-17T14:50:29.583281+00:00,EQUITY,100000.0,50000.0,,
2026-04-17T14:50:29.652354+00:00,EQUITY,100000.0,100000.0,,
2026-04-17T14:50:29.691627+00:00,EQUITY,100000.0,100000.0,,
2026-04-17T14:50:29.727676+00:00,EQUITY,100000.0,100000.0,,
2026-04-17T14:50:29.763827+00:00,EQUITY,100000.0,100000.0,,
2026-04-17T14:50:33.264232+00:00,EQUITY,100000.0,50000.0,,
2026-04-17T14:50:33.303529+00:00,EQUITY,100000.0,100000.0,,
2026-04-17T14:50:35.313879+00:00,EQUITY,100000.0,50000.0,,
2026-04-17T14:50:35.378489+00:00,EQUITY,100000.0,100000.0,,
2026-04-17T14:50:35.416893+00:00,EQUITY,100000.0,100000.0,,
2026-04-17T14:50:35.453161+00:00,EQUITY,100000.0,100000.0,,
2026-04-17T14:50:35.489052+00:00,EQUITY,100000.0,100000.0,,
2026-04-17T14:51:58.912241+00:00,EQUITY,100000.0,50000.0,,
2026-04-17T14:51:58.951263+00:00,EQUITY,100000.0,100000.0,,
2026-04-17T14:52:00.960868+00:00,EQUITY,100000.0,50000.0,,
2026-04-17T14:52:01.028051+00:00,EQUITY,100000.0,100000.0,,
2026-04-17T14:52:01.066708+00:00,EQUITY,100000.0,100000.0,,
2026-04-17T14:52:01.102700+00:00,EQUITY,100000.0,100000.0,,
2026-04-17T14:52:01.138585+00:00,EQUITY,100000.0,100000.0,,
2026-04-17T14:52:26.341547+00:00,EQUITY,100000.0,50000.0,,
2026-04-17T14:52:26.379404+00:00,EQUITY,100000.0,100000.0,,
2026-04-17T14:52:28.389876+00:00,EQUITY,100000.0,50000.0,,
2026-04-17T14:52:28.453547+00:00,EQUITY,100000.0,100000.0,,
2026-04-17T14:52:28.492055+00:00,EQUITY,100000.0,100000.0,,
2026-04-17T14:52:28.528306+00:00,EQUITY,100000.0,100000.0,,
2026-04-17T14:52:28.564584+00:00,EQUITY,100000.0,100000.0,,
2026-04-17T14:57:23.851877+00:00,EQUITY,100000.0,50000.0,,
2026-04-17T14:57:23.890611+00:00,EQUITY,100000.0,100000.0,,
2026-04-17T14:57:25.900589+00:00,EQUITY,100000.0,50000.0,,
2026-04-17T14:57:25.963536+00:00,EQUITY,100000.0,100000.0,,
2026-04-17T14:57:26.002844+00:00,EQUITY,100000.0,100000.0,,
2026-04-17T14:57:26.041421+00:00,EQUITY,100000.0,100000.0,,
2026-04-17T14:57:26.079384+00:00,EQUITY,100000.0,100000.0,,
2026-04-17T14:57:56.768092+00:00,EQUITY,100000.0,100000.0,,
2026-04-17T15:00:31.958405+00:00,EQUITY,100000.0,50000.0,,
2026-04-17T15:00:31.997982+00:00,EQUITY,100000.0,100000.0,,
2026-04-17T15:00:34.006410+00:00,EQUITY,100000.0,50000.0,,
2026-04-17T15:00:34.062717+00:00,EQUITY,100000.0,100000.0,,
2026-04-17T15:00:34.101321+00:00,EQUITY,100000.0,100000.0,,
2026-04-17T15:00:34.138442+00:00,EQUITY,100000.0,100000.0,,
2026-04-17T15:00:34.174446+00:00,EQUITY,100000.0,100000.0,,
2026-04-17T15:10:56.988120+00:00,EQUITY,100000.0,100000.0,,
2026-04-17T15:11:07.287148+00:00,EQUITY,100000.0,50000.0,,
2026-04-17T15:11:07.326632+00:00,EQUITY,100000.0,100000.0,,
2026-04-17T15:11:09.335473+00:00,EQUITY,100000.0,50000.0,,
2026-04-17T15:11:09.396583+00:00,EQUITY,100000.0,100000.0,,
2026-04-17T15:11:09.436004+00:00,EQUITY,100000.0,100000.0,,
2026-04-17T15:11:09.474771+00:00,EQUITY,100000.0,100000.0,,
2026-04-17T15:11:09.511596+00:00,EQUITY,100000.0,100000.0,,
2026-04-17T15:11:09.548272+00:00,EQUITY,100000.0,100000.0,,
2026-04-17T15:11:13.257475+00:00,EQUITY,100000.0,50000.0,,
2026-04-17T15:11:13.295589+00:00,EQUITY,100000.0,100000.0,,
2026-04-17T15:11:15.307493+00:00,EQUITY,100000.0,50000.0,,
2026-04-17T15:11:15.371059+00:00,EQUITY,100000.0,100000.0,,
2026-04-17T15:11:15.409903+00:00,EQUITY,100000.0,100000.0,,
2026-04-17T15:11:15.446312+00:00,EQUITY,100000.0,100000.0,,
2026-04-17T15:11:15.482482+00:00,EQUITY,100000.0,100000.0,,
2026-04-17T15:11:15.519132+00:00,EQUITY,100000.0,100000.0,,
2026-04-19T04:05:10.739614+00:00,EQUITY,100000.0,100000.0,,
2026-04-19T04:05:39.452344+00:00,EQUITY,100000.0,100000.0,,
2026-04-19T04:05:48.640492+00:00,EQUITY,100000.0,50000.0,,
2026-04-19T04:05:48.678755+00:00,EQUITY,100000.0,100000.0,,
2026-04-19T04:05:50.688666+00:00,EQUITY,100000.0,50000.0,,
2026-04-19T04:05:50.754041+00:00,EQUITY,100000.0,100000.0,,
2026-04-19T04:05:50.793146+00:00,EQUITY,100000.0,100000.0,,
2026-04-19T04:05:50.829162+00:00,EQUITY,100000.0,100000.0,,
2026-04-19T04:05:50.864759+00:00,EQUITY,100000.0,100000.0,,
2026-04-19T04:05:50.900733+00:00,EQUITY,100000.0,100000.0,,
2026-04-19T06:39:13.069340+00:00,EQUITY,100000.0,100000.0,,
2026-04-19T06:39:13.402326+00:00,EQUITY,100000.0,100000.0,,
2026-04-19T06:39:13.598703+00:00,EQUITY,100000.0,50000.0,,
2026-04-19T06:39:13.640621+00:00,EQUITY,100000.0,100000.0,,
2026-04-19T06:39:15.651345+00:00,EQUITY,100000.0,50000.0,,
2026-04-19T06:39:15.724470+00:00,EQUITY,100000.0,100000.0,,
2026-04-19T06:39:15.764781+00:00,EQUITY,100000.0,100000.0,,
2026-04-19T06:39:15.802853+00:00,EQUITY,100000.0,100000.0,,
2026-04-19T06:39:15.840175+00:00,EQUITY,100000.0,100000.0,,
2026-04-19T06:39:15.877793+00:00,EQUITY,100000.0,100000.0,,
2026-04-19T06:56:40.569194+00:00,EQUITY,100000.0,100000.0,,
2026-04-19T06:56:40.882840+00:00,EQUITY,100000.0,100000.0,,
2026-04-19T06:56:41.077938+00:00,EQUITY,100000.0,50000.0,,
2026-04-19T06:56:41.117232+00:00,EQUITY,100000.0,100000.0,,
2026-04-19T06:56:43.127757+00:00,EQUITY,100000.0,50000.0,,
2026-04-19T06:56:43.188891+00:00,EQUITY,100000.0,100000.0,,
2026-04-19T06:56:43.227971+00:00,EQUITY,100000.0,100000.0,,
2026-04-19T06:56:43.266562+00:00,EQUITY,100000.0,100000.0,,
2026-04-19T06:56:43.303657+00:00,EQUITY,100000.0,100000.0,,
2026-04-19T06:56:43.340974+00:00,EQUITY,100000.0,100000.0,,
2026-04-19T07:03:17.168703+00:00,EQUITY,100000.0,100000.0,,
2026-04-19T07:03:17.479786+00:00,EQUITY,100000.0,100000.0,,
2026-04-19T07:03:19.709132+00:00,EQUITY,100000.0,50000.0,,
2026-04-19T07:03:19.748222+00:00,EQUITY,100000.0,100000.0,,
2026-04-19T07:03:21.757667+00:00,EQUITY,100000.0,50000.0,,
2026-04-19T07:03:21.819065+00:00,EQUITY,100000.0,100000.0,,
2026-04-19T07:03:21.858370+00:00,EQUITY,100000.0,100000.0,,
2026-04-19T07:03:21.895902+00:00,EQUITY,100000.0,100000.0,,
2026-04-19T07:03:21.932715+00:00,EQUITY,100000.0,100000.0,,
2026-04-19T07:03:21.970103+00:00,EQUITY,100000.0,100000.0,,
2026-04-20T12:30:03.737554+00:00,EQUITY,100000.0,100000.0,,
2026-04-20,100000.0,0.0,100000.0,0.0,
2026-04-20T13:35:03.257255+00:00,EQUITY,100000.0,100000.0,,
2026-04-20T13:35:03.292014+00:00,EQUITY,100000.0,100000.0,,
2026-04-20T13:47:28.641681+00:00,EQUITY,100000.0,100000.0,,
2026-04-20T13:48:12.760446+00:00,EQUITY,100000.0,100000.0,,
2026-04-20T13:48:13.108562+00:00,EQUITY,100000.0,100000.0,,
2026-04-20T13:48:15.364142+00:00,EQUITY,100000.0,50000.0,,
2026-04-20T13:48:15.402504+00:00,EQUITY,100000.0,100000.0,,
2026-04-20T13:48:17.412098+00:00,EQUITY,100000.0,50000.0,,
2026-04-20T13:48:17.475754+00:00,EQUITY,100000.0,100000.0,,
2026-04-20T13:48:17.514975+00:00,EQUITY,100000.0,100000.0,,
2026-04-20T13:48:17.552520+00:00,EQUITY,100000.0,100000.0,,
2026-04-20T13:48:17.589384+00:00,EQUITY,100000.0,100000.0,,
2026-04-20T13:48:17.626419+00:00,EQUITY,100000.0,100000.0,,
2026-04-20T13:48:26.803516+00:00,EQUITY,100000.0,100000.0,,
2026-04-20T13:54:56.087088+00:00,EQUITY,100000.0,100000.0,,
2026-04-20T13:56:59.743848+00:00,EQUITY,100000.0,100000.0,,
2026-04-20T13:57:16.210477+00:00,EQUITY,100000.0,100000.0,,
2026-04-20T13:57:57.646855+00:00,EQUITY,100000.0,100000.0,,
2026-04-20T13:58:10.485814+00:00,EQUITY,100000.0,100000.0,,
2026-04-20T14:11:01.313355+00:00,EQUITY,100000.0,50000.0,,
2026-04-20T14:11:36.686865+00:00,EQUITY,100000.0,50000.0,,
2026-04-20T14:11:43.209601+00:00,EQUITY,100000.0,50000.0,,
2026-04-20T14:11:43.249452+00:00,EQUITY,100000.0,100000.0,,
2026-04-20T14:11:45.258680+00:00,EQUITY,100000.0,50000.0,,
2026-04-20T14:11:45.319488+00:00,EQUITY,100000.0,50000.0,,
2026-04-20T14:11:45.360154+00:00,EQUITY,100000.0,100000.0,,
2026-04-20T14:11:45.398507+00:00,EQUITY,100000.0,100000.0,,
2026-04-20T14:11:45.437826+00:00,EQUITY,100000.0,100000.0,,
2026-04-20T14:11:45.477738+00:00,EQUITY,100000.0,100000.0,,
2026-04-20T14:11:45.516323+00:00,EQUITY,100000.0,100000.0,,
2026-04-20T14:13:54.322632+00:00,EQUITY,100000.0,100000.0,,
2026-04-20T14:13:54.667588+00:00,EQUITY,100000.0,100000.0,,
2026-04-20T14:13:56.948560+00:00,EQUITY,100000.0,50000.0,,
2026-04-20T14:13:56.991840+00:00,EQUITY,100000.0,100000.0,,
2026-04-20T14:13:58.999160+00:00,EQUITY,100000.0,50000.0,,
2026-04-20T14:13:59.069399+00:00,EQUITY,100000.0,50000.0,,
2026-04-20T14:13:59.108491+00:00,EQUITY,100000.0,100000.0,,
2026-04-20T14:13:59.145818+00:00,EQUITY,100000.0,100000.0,,
2026-04-20T14:13:59.184379+00:00,EQUITY,100000.0,100000.0,,
2026-04-20T14:13:59.222219+00:00,EQUITY,100000.0,100000.0,,
2026-04-20T14:13:59.261496+00:00,EQUITY,100000.0,100000.0,,
2026-04-20T14:17:23.626809+00:00,EQUITY,100000.0,100000.0,,
2026-04-20T14:17:23.969699+00:00,EQUITY,100000.0,100000.0,,
2026-04-20T14:17:26.255682+00:00,EQUITY,100000.0,50000.0,,
2026-04-20T14:17:26.299049+00:00,EQUITY,100000.0,100000.0,,
2026-04-20T14:17:28.307498+00:00,EQUITY,100000.0,50000.0,,
2026-04-20T14:17:28.369713+00:00,EQUITY,100000.0,50000.0,,
2026-04-20T14:17:28.411515+00:00,EQUITY,100000.0,100000.0,,
2026-04-20T14:17:28.450146+00:00,EQUITY,100000.0,100000.0,,
2026-04-20T14:17:28.488521+00:00,EQUITY,100000.0,100000.0,,
2026-04-20T14:17:28.525429+00:00,EQUITY,100000.0,100000.0,,
2026-04-20T14:17:28.562822+00:00,EQUITY,100000.0,100000.0,,
2026-04-20T14:21:21.843200+00:00,EQUITY,100000.0,100000.0,,
2026-04-20T14:21:22.176049+00:00,EQUITY,100000.0,100000.0,,
2026-04-20T14:21:24.471955+00:00,EQUITY,100000.0,50000.0,,
2026-04-20T14:21:24.510395+00:00,EQUITY,100000.0,100000.0,,
2026-04-20T14:21:26.523417+00:00,EQUITY,100000.0,50000.0,,
2026-04-20T14:21:26.599954+00:00,EQUITY,100000.0,50000.0,,
2026-04-20T14:21:26.638303+00:00,EQUITY,100000.0,100000.0,,
2026-04-20T14:21:26.675287+00:00,EQUITY,100000.0,100000.0,,
2026-04-20T14:21:26.713001+00:00,EQUITY,100000.0,100000.0,,
2026-04-20T14:21:26.749818+00:00,EQUITY,100000.0,100000.0,,
2026-04-20T14:21:26.787756+00:00,EQUITY,100000.0,100000.0,,
2026-04-21T12:30:02.658739+00:00,EQUITY,100900.68,-32870.0,,
2026-04-21,-32870.0,-132.87,-32870.0,0.0,
2026-04-21T13:31:06.509587+00:00,EQUITY,100416.57,-32870.0,,
2026-04-21T13:31:07.287711+00:00,EQUITY,100449.18,-32870.0,,
2026-04-21T13:35:09.953833+00:00,EQUITY,100609.52,-32870.0,,
2026-04-21T15:10:30.758737+00:00,EQUITY,100271.84,-32870.0,,
2026-04-21T15:34:58.927603+00:00,EQUITY,100179.26,-32870.0,,
2026-04-21T15:41:47.945554+00:00,EQUITY,100029.73,-32870.0,,
2026-04-21T15:42:53.325518+00:00,EQUITY,100093.58,-32870.0,,
2026-04-21T15:44:55.469455+00:00,EQUITY,100159.9,-32870.0,,
2026-04-21T16:30:01.810635+00:00,EQUITY,100117.08,-32870.0,,
2026-04-21T16:30:14.311524+00:00,EQUITY,100133.58,-32870.0,,
2026-04-21T16:37:31.558542+00:00,EQUITY,100149.37,-32870.0,,
2026-04-21T16:37:34.291383+00:00,EQUITY,100149.16,-32870.0,,
2026-04-21T21:00:01.519170+00:00,EQUITY,100059.59,-32870.0,,
2026-04-21T21:00:04.577070+00:00,EQUITY,100066.45,-32870.0,,
2026-04-22T12:10:01.767668+00:00,EQUITY,101225.24,-32870.0,,
2026-04-22T12:10:08.135971+00:00,EQUITY,101223.72,-32870.0,,
2026-04-22T12:30:03.644531+00:00,EQUITY,101226.73,-32870.0,,
2026-04-22,-32870.0,-132.87,-32870.0,0.0,
2026-04-22T13:31:06.421672+00:00,EQUITY,101246.14,-32870.0,,
2026-04-22T13:31:07.267515+00:00,EQUITY,101274.17,-32870.0,,
2026-04-22T13:35:02.894794+00:00,EQUITY,101104.64,-32870.0,,
2026-04-22T16:30:01.533248+00:00,EQUITY,101349.13,-32870.0,,
2026-04-22T16:30:04.250809+00:00,EQUITY,101334.72,-32870.0,,
2026-04-22T21:00:01.850337+00:00,EQUITY,102535.15,-32870.0,,
2026-04-22T21:00:04.273462+00:00,EQUITY,102533.6,-32870.0,,
2026-04-23T10:43:19.667384+00:00,EQUITY,101449.54,-32870.0,,
2026-04-23T12:10:01.855711+00:00,EQUITY,101910.77,-32870.0,,
2026-04-23T12:10:07.878260+00:00,EQUITY,101896.28,-32870.0,,
2026-04-23T12:30:03.760290+00:00,EQUITY,101741.35,-32870.0,,
2026-04-23,-32870.0,-132.87,-32870.0,0.0,
2026-04-23T13:31:06.664998+00:00,EQUITY,101617.23,-32870.0,,
2026-04-23T13:31:07.427057+00:00,EQUITY,101619.82,-32870.0,,
2026-04-23T13:35:02.561108+00:00,EQUITY,101761.19,-32870.0,,
2026-04-23T16:30:08.344159+00:00,EQUITY,102575.34,-32870.0,,
2026-04-23T16:30:10.943193+00:00,EQUITY,102575.83,-32870.0,,
2026-04-23T21:00:01.575753+00:00,EQUITY,101943.96,-32870.0,,
2026-04-23T21:00:04.407795+00:00,EQUITY,101948.84,-32870.0,,
2026-04-24T12:30:03.108631+00:00,EQUITY,104369.3,-32870.0,,
2026-04-24,-32870.0,-132.87,-32870.0,0.0,
2026-04-24T13:31:04.318751+00:00,EQUITY,104060.86,-32870.0,,
2026-04-24T13:31:05.089297+00:00,EQUITY,104057.71,-32870.0,,
2026-04-24T13:35:03.736750+00:00,EQUITY,104133.23,-32870.0,,
2026-04-26T16:30:01.648649+00:00,EQUITY,104779.34,-32870.0,,
2026-04-26T16:30:10.669762+00:00,EQUITY,104779.34,-32870.0,,
2026-04-26T21:00:01.476004+00:00,EQUITY,104779.34,-32870.0,,
2026-04-26T21:00:04.237012+00:00,EQUITY,104779.34,-32870.0,,
2026-04-27T12:10:01.696074+00:00,EQUITY,104927.28,-32870.0,,
2026-04-27T12:10:08.191164+00:00,EQUITY,104925.78,-32870.0,,
2026-04-27T12:30:03.379749+00:00,EQUITY,104879.85,-32870.0,,
2026-04-27,-32870.0,-132.87,-32870.0,0.0,
2026-04-27T13:31:02.144394+00:00,EQUITY,104391.56,-32870.0,,
2026-04-27T13:31:02.850416+00:00,EQUITY,104379.95,-32870.0,,
2026-04-27T13:35:03.037690+00:00,EQUITY,104567.76,-32870.0,,
2026-04-27T13:35:03.037707+00:00,EQUITY,104569.13,-32870.0,,
2026-04-27T16:30:01.640776+00:00,EQUITY,103770.19,-35245.0,,
2026-04-27T16:30:04.067864+00:00,EQUITY,103772.64,-35245.0,,
2026-04-27T21:00:01.788344+00:00,EQUITY,104452.88,-39995.0,,
2026-04-27T21:00:04.477770+00:00,EQUITY,104452.88,-39995.0,,
2026-04-28T12:10:01.736204+00:00,EQUITY,101438.97,-39995.0,,
2026-04-28T12:10:08.152431+00:00,EQUITY,101431.45,-39995.0,,
2026-04-28T12:30:02.796466+00:00,EQUITY,101361.19,-39995.0,,
2026-04-28,-39995.0,-140.0,-39995.0,0.0,
2026-04-28T13:31:04.139890+00:00,EQUITY,101146.33,-39995.0,,
2026-04-28T13:31:04.982377+00:00,EQUITY,101079.52,-39995.0,,
2026-04-28T13:35:03.080557+00:00,EQUITY,101989.15,-39995.0,,
2026-04-28T16:30:01.749595+00:00,EQUITY,100940.45,-39995.0,,
2026-04-28T16:30:04.397976+00:00,EQUITY,100948.34,-39995.0,,
2026-04-29T21:00:01.546732+00:00,EQUITY,102104.78,-39995.0,,
2026-04-29T21:00:04.441755+00:00,EQUITY,102109.54,-39995.0,,
2026-04-30T12:10:01.723301+00:00,EQUITY,103881.09,-39995.0,,
2026-04-30T12:10:08.463368+00:00,EQUITY,103880.52,-39995.0,,
2026-04-30T12:30:03.293241+00:00,EQUITY,104144.92,-39995.0,,
2026-04-30,-39995.0,-140.0,-39995.0,0.0,
2026-04-30T13:31:06.096222+00:00,EQUITY,103754.86,-39995.0,,
2026-04-30T13:31:06.802099+00:00,EQUITY,103737.08,-39995.0,,
2026-04-30T13:35:03.565628+00:00,EQUITY,103219.14,-39995.0,,
2026-04-30T16:30:01.523441+00:00,EQUITY,104271.16,-39995.0,,
2026-04-30T16:30:04.084896+00:00,EQUITY,104287.26,-39995.0,,
2026-04-30T21:00:01.604677+00:00,EQUITY,105143.81,-39995.0,,
2026-04-30T21:00:04.574318+00:00,EQUITY,105143.81,-39995.0,,
2026-05-01T12:30:02.720950+00:00,EQUITY,105342.56,-39995.0,,
2026-05-01,-39995.0,-140.0,-39995.0,0.0,
2026-05-01T13:31:06.227447+00:00,EQUITY,105096.24,-39995.0,,
2026-05-01T13:31:06.918271+00:00,EQUITY,105101.3,-39995.0,,
2026-05-01T13:35:03.595831+00:00,EQUITY,105711.66,-39995.0,,
2026-05-03T16:30:01.689901+00:00,EQUITY,106810.72,-39995.0,,
2026-05-03T16:30:12.957662+00:00,EQUITY,106810.72,-39995.0,,
2026-05-03T21:00:01.826760+00:00,EQUITY,106810.72,-39995.0,,
2026-05-03T21:00:04.519434+00:00,EQUITY,106810.72,-39995.0,,
2026-05-04T12:10:02.041391+00:00,EQUITY,106901.39,-39995.0,,
2026-05-04T12:10:02.041420+00:00,EQUITY,106901.39,-39995.0,,
2026-05-04T12:10:07.616867+00:00,EQUITY,106899.4,-39995.0,,
2026-05-04T12:10:07.755596+00:00,EQUITY,106899.4,-39995.0,,
2026-05-04T12:30:02.929506+00:00,EQUITY,106913.11,-39995.0,,
2026-05-04,-39995.0,-140.0,-39995.0,0.0,
2026-05-04T13:31:04.784732+00:00,EQUITY,107219.46,-39995.0,,
2026-05-04T13:31:05.478051+00:00,EQUITY,107227.81,-39995.0,,
2026-05-04T13:35:02.692342+00:00,EQUITY,107038.6,-39995.0,,
2026-05-04T13:35:02.698064+00:00,EQUITY,107038.6,-39995.0,,
2026-05-04T16:30:01.556186+00:00,EQUITY,105853.77,-44745.0,,
2026-05-04T16:30:02.766710+00:00,EQUITY,105842.95,-44745.0,,
2026-05-04T16:30:03.982823+00:00,EQUITY,105846.05,-44745.0,,
2026-05-04T16:30:05.251320+00:00,EQUITY,105829.72,-44745.0,,
2026-05-04T21:00:01.830609+00:00,EQUITY,106077.82,-49495.0,,
2026-05-04T21:00:01.830575+00:00,EQUITY,106077.82,-49495.0,,
2026-05-04T21:00:04.165360+00:00,EQUITY,106081.7,-49495.0,,
2026-05-04T21:00:04.199607+00:00,EQUITY,106081.7,-49495.0,,
2026-05-05T12:10:02.047797+00:00,EQUITY,107738.02,-49495.0,,
2026-05-05T12:10:02.047575+00:00,EQUITY,107738.02,-49495.0,,
2026-05-05T12:10:06.690936+00:00,EQUITY,107740.43,-49495.0,,
2026-05-05T12:10:06.713507+00:00,EQUITY,107740.43,-49495.0,,
2026-05-05T12:30:03.627038+00:00,EQUITY,108051.43,-49495.0,,
2026-05-05,-49495.0,-149.5,-49495.0,0.0,
2026-05-05T13:31:05.580680+00:00,EQUITY,108668.01,-49495.0,,
2026-05-05T13:31:06.376772+00:00,EQUITY,108639.5,-49495.0,,
2026-05-05T13:35:03.122810+00:00,EQUITY,108881.06,-49495.0,,
2026-05-05T16:30:01.580780+00:00,EQUITY,110713.91,-49495.0,,
2026-05-05T16:30:04.299969+00:00,EQUITY,110718.07,-49495.0,,
2026-05-05T21:00:01.475199+00:00,EQUITY,111445.67,-49495.0,,
2026-05-05T21:00:01.481116+00:00,EQUITY,111445.67,-49495.0,,
2026-05-05T21:00:04.435803+00:00,EQUITY,111447.54,-49495.0,,
2026-05-05T21:00:05.120398+00:00,EQUITY,111446.41,-49495.0,,
2026-05-06T12:10:01.962701+00:00,EQUITY,115235.71,-49495.0,,
2026-05-06T12:10:01.962529+00:00,EQUITY,115235.71,-49495.0,,
2026-05-06T12:10:06.654298+00:00,EQUITY,115219.78,-49495.0,,
2026-05-06T12:10:06.654305+00:00,EQUITY,115219.78,-49495.0,,
2026-05-06T12:30:02.916109+00:00,EQUITY,115122.17,-49495.0,,
2026-05-06,-49495.0,-149.5,-49495.0,0.0,
2026-05-06T13:31:04.356596+00:00,EQUITY,113455.67,-49495.0,,
2026-05-06T13:31:05.061234+00:00,EQUITY,113402.71,-49495.0,,
2026-05-06T13:35:03.032815+00:00,EQUITY,114819.46,-49495.0,,
2026-05-06T16:30:01.899510+00:00,EQUITY,114958.26,-49495.0,,
2026-05-06T16:30:05.191398+00:00,EQUITY,114963.66,-49495.0,,
2026-05-06T21:00:01.534837+00:00,EQUITY,116180.27,-49495.0,,
2026-05-06T21:00:04.330659+00:00,EQUITY,116188.1,-49495.0,,
2026-05-07T12:10:01.858000+00:00,EQUITY,116307.66,-49495.0,,
2026-05-07T12:10:07.217700+00:00,EQUITY,116309.67,-49495.0,,
2026-05-07T12:30:03.259577+00:00,EQUITY,116207.2,-49495.0,,
2026-05-07,-49495.0,-149.5,-49495.0,0.0,
2026-05-07T13:31:06.197301+00:00,EQUITY,115903.14,-49495.0,,
2026-05-07T13:31:06.955862+00:00,EQUITY,115908.89,-49495.0,,
2026-05-07T13:35:02.838441+00:00,EQUITY,116185.37,-49495.0,,
2026-05-07T16:30:01.535076+00:00,EQUITY,115092.54,-49495.0,,
2026-05-07T16:30:04.158128+00:00,EQUITY,115066.85,-49495.0,,
2026-05-07T21:00:01.543104+00:00,EQUITY,114580.58,-49495.0,,
2026-05-07T21:00:04.509315+00:00,EQUITY,114580.58,-49495.0,,
2026-05-08T12:30:03.033874+00:00,EQUITY,116786.48,-49495.0,,
2026-05-08,-49495.0,-149.5,-49495.0,0.0,
2026-05-08T13:31:05.796304+00:00,EQUITY,117344.71,-49495.0,,
2026-05-08T13:31:06.502040+00:00,EQUITY,117338.55,-49495.0,,
2026-05-08T13:35:03.236369+00:00,EQUITY,118025.7,-49495.0,,
2026-05-10T16:30:01.682522+00:00,EQUITY,121627.14,-49495.0,,
2026-05-10T16:30:14.668450+00:00,EQUITY,121627.14,-49495.0,,
2026-05-10T21:00:01.651816+00:00,EQUITY,121627.14,-49495.0,,
2026-05-10T21:00:04.268091+00:00,EQUITY,121627.14,-49495.0,,
2026-05-11T12:10:01.731095+00:00,EQUITY,122040.44,-49495.0,,
2026-05-11T12:10:07.397562+00:00,EQUITY,122029.62,-49495.0,,
2026-05-11T12:30:03.544738+00:00,EQUITY,122143.56,-49495.0,,
2026-05-11,-49495.0,-149.5,-49495.0,0.0,
2026-05-11T13:31:05.311152+00:00,EQUITY,123014.09,-49495.0,,
2026-05-11T13:31:06.030599+00:00,EQUITY,123056.88,-49495.0,,
2026-05-11T13:35:03.504619+00:00,EQUITY,123923.07,-49495.0,,
2026-05-11T13:35:03.512453+00:00,EQUITY,123923.07,-49495.0,,
2026-05-11T16:30:01.580602+00:00,EQUITY,125031.38,-54245.0,,
2026-05-11T16:30:04.130267+00:00,EQUITY,125027.84,-54245.0,,
2026-05-11T21:00:01.682110+00:00,EQUITY,124981.16,-58995.0,,
2026-05-11T21:00:04.517603+00:00,EQUITY,124981.54,-58995.0,,
2026-05-12T12:10:02.296849+00:00,EQUITY,121068.29,-58995.0,,
2026-05-12T12:10:09.679914+00:00,EQUITY,121100.76,-58995.0,,
2026-05-12T12:30:02.715071+00:00,EQUITY,121153.25,-58995.0,,
2026-05-12,-58995.0,-159.0,-58995.0,0.0,
2026-05-12T13:31:02.792233+00:00,EQUITY,120818.35,-58995.0,,
2026-05-12T13:31:03.568181+00:00,EQUITY,120777.42,-58995.0,,
2026-05-12T13:35:03.617944+00:00,EQUITY,121470.19,-58995.0,,
2026-05-12T16:30:01.769185+00:00,EQUITY,115069.55,-58995.0,,
2026-05-12T16:30:04.370070+00:00,EQUITY,115123.51,-58995.0,,
2026-05-12T21:00:01.963603+00:00,EQUITY,120161.39,-58995.0,,
2026-05-12T21:00:04.625055+00:00,EQUITY,120161.39,-58995.0,,
2026-05-13T12:10:01.875412+00:00,EQUITY,123671.83,-58995.0,,
2026-05-13T12:10:18.099915+00:00,EQUITY,123642.57,-58995.0,,
2026-05-13T12:30:03.043302+00:00,EQUITY,123160.02,-58995.0,,
2026-05-13,-58995.0,-159.0,-58995.0,0.0,
2026-05-13T13:31:07.243130+00:00,EQUITY,123006.51,-58995.0,,
2026-05-13T13:31:08.073902+00:00,EQUITY,122934.03,-58995.0,,
2026-05-13T13:35:02.861223+00:00,EQUITY,122743.18,-58995.0,,
2026-05-13T16:30:01.665005+00:00,EQUITY,123681.58,-58995.0,,
2026-05-13T16:30:04.311811+00:00,EQUITY,123666.98,-58995.0,,
2026-05-13T21:00:01.704200+00:00,EQUITY,124084.09,-58995.0,,
2026-05-13T21:00:04.422545+00:00,EQUITY,124084.09,-58995.0,,
2026-05-14T12:10:01.778349+00:00,EQUITY,124256.47,-58995.0,,
2026-05-14T12:10:14.545002+00:00,EQUITY,124273.75,-58995.0,,
2026-05-14T12:30:03.666190+00:00,EQUITY,124295.49,-58995.0,,
2026-05-14,-58995.0,-159.0,-58995.0,0.0,
2026-05-14T13:31:05.791201+00:00,EQUITY,122749.50,-58995.00,,
2026-05-14T13:31:06.603333+00:00,EQUITY,122723.40,-58995.00,,
2026-05-14T13:35:02.893996+00:00,EQUITY,123665.09,-58995.00,,
2026-05-14T16:30:02.311325+00:00,EQUITY,126059.04,-58995.00,,
2026-05-14T16:30:04.881779+00:00,EQUITY,126059.97,-58995.00,,
2026-05-14T21:00:01.736611+00:00,EQUITY,125712.15,-58995.00,,
2026-05-14T21:00:04.508854+00:00,EQUITY,125709.76,-58995.00,,
2026-05-15T10:45:40.442415+00:00,EQUITY,100000.00,100000.00,,
2026-05-15T10:45:43.489134+00:00,CLOSED,AXON,unknown,external,
2026-05-15T10:45:43.489221+00:00,CLOSED,BIL,unknown,external,
2026-05-15T10:45:43.489266+00:00,CLOSED,IWM,unknown,external,
2026-05-15T10:45:43.489307+00:00,CLOSED,MTUM,unknown,external,
2026-05-15T10:45:43.489347+00:00,CLOSED,QQQ,unknown,external,
2026-05-15T10:45:43.489385+00:00,CLOSED,SOXL,unknown,external,
2026-05-15T10:45:43.489431+00:00,CLOSED,TECL,unknown,external,
2026-05-15T10:45:43.489466+00:00,CLOSED,TSLA,unknown,external,
2026-05-15T10:45:43.489522+00:00,CLOSED,XLK,unknown,external,
2026-05-15T10:45:43.489557+00:00,EQUITY,100000.00,100000.00,,
2026-05-15T10:45:45.975080+00:00,EQUITY,100000.00,50000.00,,
2026-05-15T10:45:46.067278+00:00,EQUITY,100000.00,100000.00,,
2026-05-15T10:45:48.226624+00:00,EQUITY,100000.00,50000.00,,
2026-05-15T10:45:48.358329+00:00,EQUITY,100000.00,50000.00,,
2026-05-15T10:45:48.447135+00:00,EQUITY,100000.00,100000.00,,
2026-05-15T10:45:48.534610+00:00,EQUITY,100000.00,100000.00,,
2026-05-15T10:45:48.622347+00:00,EQUITY,100000.00,100000.00,,
2026-05-15T10:45:48.711962+00:00,EQUITY,100000.00,100000.00,,
2026-05-15T10:45:48.802725+00:00,EQUITY,100000.00,100000.00,,
2026-05-15T10:45:57.465983+00:00,EQUITY,100000.00,100000.00,,
2026-05-15T10:45:57.896057+00:00,EQUITY,100000.00,100000.00,,
2026-05-15T10:46:00.377554+00:00,EQUITY,100000.00,50000.00,,
2026-05-15T10:46:00.469227+00:00,EQUITY,100000.00,100000.00,,
2026-05-15T10:46:02.628682+00:00,EQUITY,100000.00,50000.00,,
2026-05-15T10:46:02.758575+00:00,EQUITY,100000.00,50000.00,,
2026-05-15T10:46:02.849597+00:00,EQUITY,100000.00,100000.00,,
2026-05-15T10:46:02.936993+00:00,EQUITY,100000.00,100000.00,,
2026-05-15T10:46:03.025715+00:00,EQUITY,100000.00,100000.00,,
2026-05-15T10:46:03.112696+00:00,EQUITY,100000.00,100000.00,,
2026-05-15T10:46:03.203173+00:00,EQUITY,100000.00,100000.00,,
2026-05-15T10:46:12.636512+00:00,EQUITY,100000.00,100000.00,,
2026-05-15T10:46:13.061894+00:00,EQUITY,100000.00,100000.00,,
2026-05-15T10:46:15.401831+00:00,EQUITY,100000.00,50000.00,,
2026-05-15T10:46:15.493755+00:00,EQUITY,100000.00,100000.00,,
2026-05-15T10:46:17.653443+00:00,EQUITY,100000.00,50000.00,,
2026-05-15T10:46:17.782773+00:00,EQUITY,100000.00,50000.00,,
2026-05-15T10:46:17.873583+00:00,EQUITY,100000.00,100000.00,,
2026-05-15T10:46:17.960969+00:00,EQUITY,100000.00,100000.00,,
2026-05-15T10:46:18.048453+00:00,EQUITY,100000.00,100000.00,,
2026-05-15T10:46:18.134548+00:00,EQUITY,100000.00,100000.00,,
2026-05-15T10:46:18.221952+00:00,EQUITY,100000.00,100000.00,,
2026-05-15T10:46:26.781053+00:00,EQUITY,100000.00,100000.00,,
2026-05-15T10:46:27.215047+00:00,EQUITY,100000.00,100000.00,,
2026-05-15T10:46:29.698568+00:00,EQUITY,100000.00,50000.00,,
2026-05-15T10:46:29.790259+00:00,EQUITY,100000.00,100000.00,,
2026-05-15T10:46:31.949517+00:00,EQUITY,100000.00,50000.00,,
2026-05-15T10:46:32.077361+00:00,EQUITY,100000.00,50000.00,,
2026-05-15T10:46:32.165608+00:00,EQUITY,100000.00,100000.00,,
2026-05-15T10:46:32.251856+00:00,EQUITY,100000.00,100000.00,,
2026-05-15T10:46:32.339873+00:00,EQUITY,100000.00,100000.00,,
2026-05-15T10:46:32.429348+00:00,EQUITY,100000.00,100000.00,,
2026-05-15T10:46:32.519790+00:00,EQUITY,100000.00,100000.00,,
2026-05-15T12:30:03.417907+00:00,EQUITY,119640.09,-58995.00,,
2026-05-15,-58995.0,-159.0,-58995.0,0,
2026-05-15T13:31:02.203409+00:00,EQUITY,119497.30,-58995.00,,
2026-05-15T13:31:02.916489+00:00,EQUITY,119493.41,-58995.00,,
2026-05-15T13:35:02.973614+00:00,EQUITY,119451.74,-58995.00,,
2026-05-17T15:26:29.619965+00:00,EQUITY,100000.00,100000.00,,
2026-05-17T15:26:31.491322+00:00,CLOSED,AXON,unknown,external,
2026-05-17T15:26:31.491405+00:00,CLOSED,BIL,unknown,external,
2026-05-17T15:26:31.491444+00:00,CLOSED,IWM,unknown,external,
2026-05-17T15:26:31.491477+00:00,CLOSED,MTUM,unknown,external,
2026-05-17T15:26:31.491508+00:00,CLOSED,QQQ,unknown,external,
2026-05-17T15:26:31.491538+00:00,CLOSED,SOXL,unknown,external,
2026-05-17T15:26:31.491693+00:00,CLOSED,TECL,unknown,external,
2026-05-17T15:26:31.491725+00:00,CLOSED,TSLA,unknown,external,
2026-05-17T15:26:31.491755+00:00,CLOSED,XLK,unknown,external,
2026-05-17T15:26:31.491786+00:00,EQUITY,100000.00,100000.00,,
2026-05-17T15:26:33.859271+00:00,EQUITY,100000.00,50000.00,,
2026-05-17T15:26:33.955544+00:00,EQUITY,100000.00,100000.00,,
2026-05-17T15:26:35.969808+00:00,EQUITY,100000.00,50000.00,,
2026-05-17T15:26:36.101774+00:00,EQUITY,100000.00,50000.00,,
2026-05-17T15:26:36.254530+00:00,EQUITY,100000.00,100000.00,,
2026-05-17T15:26:36.350195+00:00,EQUITY,100000.00,100000.00,,
2026-05-17T15:26:36.442630+00:00,EQUITY,100000.00,100000.00,,
2026-05-17T15:26:36.534987+00:00,EQUITY,100000.00,100000.00,,
2026-05-17T15:26:36.631432+00:00,EQUITY,100000.00,100000.00,,
2026-05-17T15:26:49.549457+00:00,EQUITY,100000.00,100000.00,,
2026-05-17T15:26:50.002078+00:00,EQUITY,100000.00,100000.00,,
2026-05-17T15:26:52.343481+00:00,EQUITY,100000.00,50000.00,,
2026-05-17T15:26:52.437648+00:00,EQUITY,100000.00,100000.00,,
2026-05-17T15:26:54.446948+00:00,EQUITY,100000.00,50000.00,,
2026-05-17T15:26:54.569404+00:00,EQUITY,100000.00,50000.00,,
2026-05-17T15:26:54.666930+00:00,EQUITY,100000.00,100000.00,,
2026-05-17T15:26:54.760838+00:00,EQUITY,100000.00,100000.00,,
2026-05-17T15:26:54.852594+00:00,EQUITY,100000.00,100000.00,,
2026-05-17T15:26:54.944069+00:00,EQUITY,100000.00,100000.00,,
2026-05-17T15:26:55.040161+00:00,EQUITY,100000.00,100000.00,,
2026-05-17T16:02:45.980504+00:00,EQUITY,100000.00,100000.00,,
2026-05-17T16:02:46.423657+00:00,EQUITY,100000.00,100000.00,,
2026-05-17T16:02:48.786955+00:00,EQUITY,100000.00,50000.00,,
2026-05-17T16:02:48.881381+00:00,EQUITY,100000.00,100000.00,,
2026-05-17T16:02:50.894718+00:00,EQUITY,100000.00,50000.00,,
2026-05-17T16:02:51.015766+00:00,EQUITY,100000.00,50000.00,,
2026-05-17T16:02:51.114434+00:00,EQUITY,100000.00,100000.00,,
2026-05-17T16:02:51.204841+00:00,EQUITY,100000.00,100000.00,,
2026-05-17T16:02:51.294601+00:00,EQUITY,100000.00,100000.00,,
2026-05-17T16:02:51.386622+00:00,EQUITY,100000.00,100000.00,,
2026-05-17T16:02:51.481776+00:00,EQUITY,100000.00,100000.00,,
2026-05-17T16:03:12.374524+00:00,EQUITY,100000.00,100000.00,,
2026-05-17T16:03:12.599022+00:00,EQUITY,100000.00,100000.00,,
2026-05-17T16:10:35.991578+00:00,EQUITY,100000.00,50000.00,,
2026-05-17T16:10:36.095515+00:00,EQUITY,100000.00,100000.00,,
2026-05-17T16:10:38.109183+00:00,EQUITY,100000.00,50000.00,,
2026-05-17T16:10:38.281840+00:00,EQUITY,100000.00,50000.00,,
2026-05-17T16:10:38.377934+00:00,EQUITY,100000.00,100000.00,,
2026-05-17T16:10:38.468860+00:00,EQUITY,100000.00,100000.00,,
2026-05-17T16:10:38.559258+00:00,EQUITY,100000.00,100000.00,,
2026-05-17T16:10:38.650502+00:00,EQUITY,100000.00,100000.00,,
2026-05-17T16:10:38.747388+00:00,EQUITY,100000.00,100000.00,,
2026-05-17T16:10:39.751632+00:00,EQUITY,100000.00,100000.00,,
2026-05-17T16:10:40.204166+00:00,EQUITY,100000.00,100000.00,,
2026-05-17T16:10:42.599019+00:00,EQUITY,100000.00,50000.00,,
2026-05-17T16:10:42.695347+00:00,EQUITY,100000.00,100000.00,,
2026-05-17T16:10:44.709458+00:00,EQUITY,100000.00,50000.00,,
2026-05-17T16:10:44.847906+00:00,EQUITY,100000.00,50000.00,,
2026-05-17T16:10:44.953775+00:00,EQUITY,100000.00,100000.00,,
2026-05-17T16:10:45.063629+00:00,EQUITY,100000.00,100000.00,,
2026-05-17T16:10:45.172908+00:00,EQUITY,100000.00,100000.00,,
2026-05-17T16:10:45.268092+00:00,EQUITY,100000.00,100000.00,,
2026-05-17T16:10:45.362469+00:00,EQUITY,100000.00,100000.00,,
2026-05-17T16:30:01.835994+00:00,EQUITY,118883.52,-58995.00,,
2026-05-17T16:30:01.835998+00:00,EQUITY,118883.52,-58995.00,,
2026-05-17T16:30:11.687532+00:00,EQUITY,118883.52,-58995.00,,
2026-05-17T16:30:12.092428+00:00,EQUITY,118883.52,-58995.00,,
2026-05-17T21:00:01.960758+00:00,EQUITY,118883.52,-58995.00,,
2026-05-17T21:00:01.960796+00:00,EQUITY,118883.52,-58995.00,,
2026-05-17T21:00:04.427831+00:00,EQUITY,118883.52,-58995.00,,
2026-05-17T21:00:04.448102+00:00,EQUITY,118883.52,-58995.00,,
2026-05-18T12:10:01.977448+00:00,EQUITY,119425.61,-58995.00,,
2026-05-18T12:10:01.977393+00:00,EQUITY,119425.61,-58995.00,,
2026-05-18T12:10:10.831797+00:00,EQUITY,119393.49,-58995.00,,
2026-05-18T12:10:11.233109+00:00,EQUITY,119393.49,-58995.00,,
2026-05-18T12:30:03.073309+00:00,EQUITY,119295.67,-58995.00,,
2026-05-18,-58995.0,-159.0,-58995.0,0,
2026-05-18T12:52:15.627351+00:00,EQUITY,100000.00,100000.00
2026-05-18T12:52:17.865831+00:00,CLOSED,AXON,unknown,external
2026-05-18T12:52:17.865925+00:00,CLOSED,BIL,unknown,external
2026-05-18T12:52:17.865965+00:00,CLOSED,IWM,unknown,external
2026-05-18T12:52:17.866001+00:00,CLOSED,MTUM,unknown,external
2026-05-18T12:52:17.866045+00:00,CLOSED,QQQ,unknown,external
2026-05-18T12:52:17.866084+00:00,CLOSED,SOXL,unknown,external
2026-05-18T12:52:17.866117+00:00,CLOSED,TECL,unknown,external
2026-05-18T12:52:17.866150+00:00,CLOSED,TSLA,unknown,external
2026-05-18T12:52:17.866182+00:00,CLOSED,XLK,unknown,external
2026-05-18T12:52:17.866214+00:00,EQUITY,100000.00,100000.00
2026-05-18T12:52:20.204259+00:00,EQUITY,100000.00,50000.00
2026-05-18T12:52:20.320139+00:00,EQUITY,100000.00,100000.00
2026-05-18T12:52:22.331399+00:00,EQUITY,100000.00,50000.00
2026-05-18T12:52:22.452124+00:00,EQUITY,100000.00,50000.00
2026-05-18T12:52:22.702834+00:00,EQUITY,100000.00,100000.00
2026-05-18T12:52:22.799488+00:00,EQUITY,100000.00,100000.00
2026-05-18T12:52:22.905750+00:00,EQUITY,100000.00,100000.00
2026-05-18T12:52:23.006013+00:00,EQUITY,100000.00,100000.00
2026-05-18T12:52:23.103420+00:00,EQUITY,100000.00,100000.00
2026-05-18T13:07:12.122254+00:00,EQUITY,121263.63,-58995.00
2026-05-18T13:31:03.336294+00:00,EQUITY,121125.70,-58995.00
2026-05-18T13:31:04.237190+00:00,EQUITY,121143.69,-58995.00
2026-05-18T13:35:03.398729+00:00,EQUITY,119985.33,-58995.00
2026-05-18T13:35:03.400852+00:00,EQUITY,119985.33,-58995.00
2026-05-18T14:19:27.702195+00:00,EQUITY,116758.91,-58995.00
2026-05-18T14:20:28.631697+00:00,EQUITY,117188.17,-58995.00
2026-05-18T14:25:07.031804+00:00,EQUITY,100000.00,100000.00
2026-05-18T14:25:07.522910+00:00,CLOSED,AXON,core,manual 2026-05-18 (stock sleeve)
2026-05-18T14:25:07.523035+00:00,CLOSED,BIL,core,manual 2026-05-18 (safe-haven)
2026-05-18T14:25:07.523256+00:00,CLOSED,IWM,core,manual 2026-05-18 (ETF rotation)
2026-05-18T14:25:07.523308+00:00,CLOSED,MTUM,core,manual 2026-05-18 (ETF rotation)
2026-05-18T14:25:07.523347+00:00,CLOSED,QQQ,core,manual 2026-05-18 (ETF rotation)
2026-05-18T14:25:07.523381+00:00,CLOSED,SOXL,aggressive,manual 2026-05-18 (leveraged)
2026-05-18T14:25:07.523420+00:00,CLOSED,TECL,aggressive,manual 2026-05-18 (leveraged)
2026-05-18T14:25:07.523459+00:00,CLOSED,TSLA,core,manual 2026-05-18 (stock sleeve)
2026-05-18T14:25:07.523496+00:00,CLOSED,XLK,core,manual 2026-05-18 (ETF rotation)
2026-05-18T14:25:07.523531+00:00,EQUITY,100000.00,100000.00
2026-05-18T14:25:09.861410+00:00,EQUITY,100000.00,50000.00
2026-05-18T14:25:09.955460+00:00,EQUITY,100000.00,100000.00
2026-05-18T14:25:11.967448+00:00,EQUITY,100000.00,50000.00
2026-05-18T14:25:12.087168+00:00,EQUITY,100000.00,50000.00
2026-05-18T14:25:12.185285+00:00,EQUITY,100000.00,100000.00
2026-05-18T14:25:12.280068+00:00,EQUITY,100000.00,100000.00
2026-05-18T14:25:12.372992+00:00,EQUITY,100000.00,100000.00
2026-05-18T14:25:12.464634+00:00,EQUITY,100000.00,100000.00
2026-05-18T14:25:12.560637+00:00,EQUITY,100000.00,100000.00
2026-05-18T14:30:23.684572+00:00,EQUITY,115892.45,-58995.00
2026-05-18T14:30:46.269896+00:00,CLOSED,BIL,unknown,external
2026-05-18T14:30:46.270153+00:00,EQUITY,115671.42,-43473.39
2026-05-18T14:32:08.748485+00:00,EQUITY,115860.36,-43473.39
2026-05-18T14:33:09.304539+00:00,EQUITY,100000.00,100000.00
2026-05-18T14:33:09.760569+00:00,CLOSED,AXON,core,manual 2026-05-18 (stock sleeve)
2026-05-18T14:33:09.760700+00:00,CLOSED,IWM,core,manual 2026-05-18 (ETF rotation)
2026-05-18T14:33:09.760919+00:00,CLOSED,MTUM,core,manual 2026-05-18 (ETF rotation)
2026-05-18T14:33:09.760964+00:00,CLOSED,QQQ,core,manual 2026-05-18 (ETF rotation)
2026-05-18T14:33:09.761002+00:00,CLOSED,SOXL,aggressive,manual 2026-05-18 (leveraged)
2026-05-18T14:33:09.761039+00:00,CLOSED,TECL,aggressive,manual 2026-05-18 (leveraged)
2026-05-18T14:33:09.761105+00:00,CLOSED,TSLA,core,manual 2026-05-18 (stock sleeve)
2026-05-18T14:33:09.761148+00:00,CLOSED,XLK,core,manual 2026-05-18 (ETF rotation)
2026-05-18T14:33:09.761187+00:00,EQUITY,100000.00,100000.00
2026-05-18T14:33:12.108394+00:00,EQUITY,100000.00,50000.00
2026-05-18T14:33:12.202217+00:00,EQUITY,100000.00,100000.00
2026-05-18T14:33:14.213751+00:00,EQUITY,100000.00,50000.00
2026-05-18T14:33:14.333889+00:00,EQUITY,100000.00,50000.00
2026-05-18T14:33:14.434719+00:00,EQUITY,100000.00,100000.00
2026-05-18T14:33:14.528883+00:00,EQUITY,100000.00,100000.00
2026-05-18T14:33:14.621607+00:00,EQUITY,100000.00,100000.00
2026-05-18T14:33:14.718823+00:00,EQUITY,100000.00,100000.00
2026-05-18T14:33:14.817580+00:00,EQUITY,100000.00,100000.00
2026-05-18T14:36:45.397267+00:00,EQUITY,100000.00,100000.00
2026-05-18T14:36:46.273284+00:00,CLOSED,AXON,core,manual 2026-05-18 (stock sleeve)
2026-05-18T14:36:46.273395+00:00,CLOSED,IWM,core,manual 2026-05-18 (ETF rotation)
2026-05-18T14:36:46.273440+00:00,CLOSED,MTUM,core,manual 2026-05-18 (ETF rotation)
2026-05-18T14:36:46.273479+00:00,CLOSED,QQQ,core,manual 2026-05-18 (ETF rotation)
2026-05-18T14:36:46.273517+00:00,CLOSED,SOXL,aggressive,manual 2026-05-18 (leveraged)
2026-05-18T14:36:46.273552+00:00,CLOSED,TECL,aggressive,manual 2026-05-18 (leveraged)
2026-05-18T14:36:46.273590+00:00,CLOSED,TSLA,core,manual 2026-05-18 (stock sleeve)
2026-05-18T14:36:46.273636+00:00,CLOSED,XLK,core,manual 2026-05-18 (ETF rotation)
2026-05-18T14:36:46.273673+00:00,EQUITY,100000.00,100000.00
2026-05-18T14:36:57.891389+00:00,EQUITY,100000.00,50000.00
2026-05-18T14:36:57.988356+00:00,EQUITY,100000.00,100000.00
2026-05-18T14:37:00.001421+00:00,EQUITY,100000.00,50000.00
2026-05-18T14:37:00.148253+00:00,EQUITY,100000.00,50000.00
2026-05-18T14:37:00.243429+00:00,EQUITY,100000.00,100000.00
2026-05-18T14:37:00.337036+00:00,EQUITY,100000.00,100000.00
2026-05-18T14:37:00.431528+00:00,EQUITY,100000.00,100000.00
2026-05-18T14:37:00.523356+00:00,EQUITY,100000.00,100000.00
2026-05-18T14:37:00.617087+00:00,EQUITY,100000.00,100000.00
2026-05-18T14:38:03.189417+00:00,EQUITY,100000.00,100000.00
2026-05-18T14:38:05.968392+00:00,EQUITY,100000.00,50000.00
2026-05-18T14:38:06.063705+00:00,EQUITY,100000.00,100000.00
2026-05-18T14:38:08.076109+00:00,EQUITY,100000.00,50000.00
2026-05-18T14:38:08.202050+00:00,EQUITY,100000.00,50000.00
2026-05-18T14:38:08.299028+00:00,EQUITY,100000.00,100000.00
2026-05-18T14:38:08.394808+00:00,EQUITY,100000.00,100000.00
2026-05-18T14:38:08.489031+00:00,EQUITY,100000.00,100000.00
2026-05-18T14:38:08.582204+00:00,EQUITY,100000.00,100000.00
2026-05-18T14:38:08.676658+00:00,EQUITY,100000.00,100000.00
2026-05-18T14:38:20.375054+00:00,EQUITY,100000.00,100000.00
2026-05-18T14:38:23.194382+00:00,EQUITY,100000.00,50000.00
2026-05-18T14:38:23.290093+00:00,EQUITY,100000.00,100000.00
2026-05-18T14:38:25.304326+00:00,EQUITY,100000.00,50000.00
2026-05-18T14:38:25.427378+00:00,EQUITY,100000.00,50000.00
2026-05-18T14:38:25.522930+00:00,EQUITY,100000.00,100000.00
2026-05-18T14:38:25.617136+00:00,EQUITY,100000.00,100000.00
2026-05-18T14:38:25.710104+00:00,EQUITY,100000.00,100000.00
2026-05-18T14:38:25.806359+00:00,EQUITY,100000.00,100000.00
2026-05-18T14:38:25.901523+00:00,EQUITY,100000.00,100000.00
2026-05-18T16:30:01.742903+00:00,EQUITY,113121.83,-43473.39
2026-05-18T16:30:04.609002+00:00,EQUITY,113066.65,-43473.39
2026-05-18T21:00:01.916152+00:00,EQUITY,115190.40,-43473.39
2026-05-18T21:00:04.573083+00:00,EQUITY,115190.40,-43473.39
2026-05-19T12:10:02.200237+00:00,EQUITY,112414.99,-43473.42
2026-05-19T12:10:05.165511+00:00,EQUITY,112414.99,-43473.42
2026-05-19T12:30:02.533522+00:00,EQUITY,112339.12,-43473.42
2026-05-19T13:31:06.209616+00:00,EQUITY,112650.23,-43473.42
2026-05-19T13:31:07.092921+00:00,EQUITY,112666.13,-43473.42
2026-05-19T13:35:02.872671+00:00,EQUITY,113740.81,-43473.42
2026-05-19T16:30:01.811919+00:00,EQUITY,113970.91,-33570.25
2026-05-19T16:30:07.256509+00:00,EQUITY,113907.31,-33570.25
2026-05-19T21:00:01.681445+00:00,EQUITY,114010.45,-13763.93
2026-05-19T21:00:04.410853+00:00,EQUITY,114010.45,-13763.93
2026-05-20T12:10:02.153344+00:00,EQUITY,116431.43,-13763.95
2026-05-20T12:10:08.706231+00:00,EQUITY,116423.31,-13763.95
2026-05-20T12:30:03.581484+00:00,EQUITY,116706.66,-13763.95
2026-05-20T13:31:05.606870+00:00,EQUITY,116986.31,-13763.95
2026-05-20T13:31:22.158252+00:00,EQUITY,117064.52,-13763.95
2026-05-20T13:35:03.599450+00:00,EQUITY,117159.03,-13763.95
2026-05-20T16:30:01.906754+00:00,EQUITY,118557.39,-4684.05
2026-05-20T16:30:05.566557+00:00,EQUITY,118516.09,-4684.05
2026-05-20T16:51:37.642648+00:00,EQUITY,100000.00,100000.00
2026-05-20T16:51:40.581803+00:00,EQUITY,100000.00,50000.00
2026-05-20T16:51:40.673089+00:00,EQUITY,100000.00,100000.00
2026-05-20T16:51:42.816095+00:00,EQUITY,100000.00,50000.00
2026-05-20T16:51:42.926291+00:00,EQUITY,100000.00,50000.00
2026-05-20T16:51:43.164122+00:00,EQUITY,100000.00,100000.00
2026-05-20T16:51:43.263445+00:00,EQUITY,100000.00,100000.00
2026-05-20T16:51:43.353558+00:00,EQUITY,100000.00,100000.00
2026-05-20T16:51:43.445312+00:00,EQUITY,100000.00,100000.00
2026-05-20T16:51:43.537882+00:00,EQUITY,100000.00,100000.00
2026-05-20T16:51:43.623074+00:00,EQUITY,100000.00,100000.00
2026-05-20T16:51:46.586163+00:00,EQUITY,100000.00,50000.00
2026-05-20T16:51:46.677181+00:00,EQUITY,100000.00,100000.00
2026-05-20T16:51:48.095894+00:00,EQUITY,100000.00,100000.00
2026-05-20T16:51:48.833646+00:00,EQUITY,100000.00,50000.00
2026-05-20T16:51:48.951127+00:00,EQUITY,100000.00,50000.00
2026-05-20T16:51:49.051496+00:00,EQUITY,100000.00,100000.00
2026-05-20T16:51:49.148319+00:00,EQUITY,100000.00,100000.00
2026-05-20T16:51:49.237019+00:00,EQUITY,100000.00,100000.00
2026-05-20T16:51:49.325970+00:00,EQUITY,100000.00,100000.00
2026-05-20T16:51:49.419015+00:00,EQUITY,100000.00,100000.00
2026-05-20T16:51:50.920178+00:00,EQUITY,100000.00,50000.00
2026-05-20T16:51:51.011837+00:00,EQUITY,100000.00,100000.00
2026-05-20T16:51:53.171033+00:00,EQUITY,100000.00,50000.00
2026-05-20T16:51:53.305628+00:00,EQUITY,100000.00,50000.00
2026-05-20T16:51:53.397105+00:00,EQUITY,100000.00,100000.00
2026-05-20T16:51:53.485430+00:00,EQUITY,100000.00,100000.00
2026-05-20T16:51:53.573246+00:00,EQUITY,100000.00,100000.00
2026-05-20T16:51:53.662222+00:00,EQUITY,100000.00,100000.00
2026-05-20T16:51:53.751411+00:00,EQUITY,100000.00,100000.00
2026-05-20T16:51:58.140782+00:00,EQUITY,100000.00,100000.00
2026-05-20T16:52:01.068554+00:00,EQUITY,100000.00,50000.00
2026-05-20T16:52:01.159842+00:00,EQUITY,100000.00,100000.00
2026-05-20T16:52:03.174243+00:00,EQUITY,100000.00,50000.00
2026-05-20T16:52:03.307646+00:00,EQUITY,100000.00,50000.00
2026-05-20T16:52:03.399334+00:00,EQUITY,100000.00,100000.00
2026-05-20T16:52:03.490831+00:00,EQUITY,100000.00,100000.00
2026-05-20T16:52:03.580889+00:00,EQUITY,100000.00,100000.00
2026-05-20T16:52:03.668872+00:00,EQUITY,100000.00,100000.00
2026-05-20T16:52:03.757620+00:00,EQUITY,100000.00,100000.00
2026-05-20T16:52:05.131633+00:00,EQUITY,100000.00,100000.00
2026-05-20T16:52:08.075630+00:00,EQUITY,100000.00,50000.00
2026-05-20T16:52:08.168483+00:00,EQUITY,100000.00,100000.00
2026-05-20T16:52:10.330331+00:00,EQUITY,100000.00,50000.00
2026-05-20T16:52:10.466314+00:00,EQUITY,100000.00,50000.00
2026-05-20T16:52:10.560785+00:00,EQUITY,100000.00,100000.00
2026-05-20T16:52:10.652531+00:00,EQUITY,100000.00,100000.00
2026-05-20T16:52:10.739592+00:00,EQUITY,100000.00,100000.00
2026-05-20T16:52:10.827475+00:00,EQUITY,100000.00,100000.00
2026-05-20T16:52:10.916289+00:00,EQUITY,100000.00,100000.00
2026-05-20T17:03:29.754728+00:00,EQUITY,100000.00,100000.00
2026-05-20T17:03:32.699911+00:00,EQUITY,100000.00,50000.00
2026-05-20T17:03:32.791432+00:00,EQUITY,100000.00,100000.00
2026-05-20T17:03:34.954390+00:00,EQUITY,100000.00,50000.00
2026-05-20T17:03:35.091858+00:00,EQUITY,100000.00,50000.00
2026-05-20T17:03:35.184168+00:00,EQUITY,100000.00,100000.00
2026-05-20T17:03:35.272339+00:00,EQUITY,100000.00,100000.00
2026-05-20T17:03:35.358981+00:00,EQUITY,100000.00,100000.00
2026-05-20T17:03:35.449206+00:00,EQUITY,100000.00,100000.00
2026-05-20T17:03:35.538653+00:00,EQUITY,100000.00,100000.00
2026-05-20T17:03:43.791775+00:00,EQUITY,100000.00,100000.00
2026-05-20T17:03:46.724142+00:00,EQUITY,100000.00,50000.00
2026-05-20T17:03:46.818012+00:00,EQUITY,100000.00,100000.00
2026-05-20T17:03:48.990924+00:00,EQUITY,100000.00,50000.00
2026-05-20T17:03:49.144784+00:00,EQUITY,100000.00,50000.00
2026-05-20T17:03:49.242422+00:00,EQUITY,100000.00,100000.00
2026-05-20T17:03:49.333553+00:00,EQUITY,100000.00,100000.00
2026-05-20T17:03:49.421472+00:00,EQUITY,100000.00,100000.00
2026-05-20T17:03:49.509692+00:00,EQUITY,100000.00,100000.00
2026-05-20T17:03:49.601647+00:00,EQUITY,100000.00,100000.00
2026-05-20T21:00:01.488918+00:00,EQUITY,119216.70,-26879.42
2026-05-20T21:00:04.560703+00:00,EQUITY,119197.45,-26879.42
2026-05-21T12:10:02.177065+00:00,EQUITY,119202.15,-26879.44
2026-05-21T12:10:09.489961+00:00,EQUITY,119220.51,-26879.44
2026-05-21T12:30:02.671331+00:00,EQUITY,118911.34,-26879.44
2026-05-21T13:31:07.056899+00:00,EQUITY,119666.08,-26879.44
2026-05-21T13:31:07.818383+00:00,EQUITY,119671.14,-26879.44
2026-05-21T13:35:03.573063+00:00,EQUITY,120228.23,-26879.44
2026-05-21T14:57:31.505133+00:00,EQUITY,100000.00,100000.00
2026-05-21T14:57:34.481466+00:00,EQUITY,100000.00,50000.00
2026-05-21T14:57:34.597896+00:00,EQUITY,100000.00,100000.00
2026-05-21T14:57:36.761226+00:00,EQUITY,100000.00,50000.00
2026-05-21T14:57:36.916410+00:00,EQUITY,100000.00,50000.00
2026-05-21T14:57:37.185032+00:00,EQUITY,100000.00,100000.00
2026-05-21T14:57:37.295363+00:00,EQUITY,100000.00,100000.00
2026-05-21T14:57:37.405067+00:00,EQUITY,100000.00,100000.00
2026-05-21T14:57:37.515730+00:00,EQUITY,100000.00,100000.00
2026-05-21T14:57:37.630207+00:00,EQUITY,100000.00,100000.00
2026-05-21T14:57:46.264149+00:00,EQUITY,100000.00,100000.00
2026-05-21T14:57:49.237372+00:00,EQUITY,100000.00,50000.00
2026-05-21T14:57:49.354426+00:00,EQUITY,100000.00,100000.00
2026-05-21T14:57:51.500052+00:00,EQUITY,100000.00,50000.00
2026-05-21T14:57:51.656320+00:00,EQUITY,100000.00,50000.00
2026-05-21T14:57:51.774035+00:00,EQUITY,100000.00,100000.00
2026-05-21T14:57:51.885401+00:00,EQUITY,100000.00,100000.00
2026-05-21T14:57:51.995620+00:00,EQUITY,100000.00,100000.00
2026-05-21T14:57:52.109395+00:00,EQUITY,100000.00,100000.00
2026-05-21T14:57:52.224502+00:00,EQUITY,100000.00,100000.00
2026-05-21T14:58:00.471289+00:00,EQUITY,100000.00,100000.00
2026-05-21T14:58:03.302500+00:00,EQUITY,100000.00,50000.00
2026-05-21T14:58:03.415185+00:00,EQUITY,100000.00,100000.00
2026-05-21T14:58:05.574633+00:00,EQUITY,100000.00,50000.00
2026-05-21T14:58:05.729512+00:00,EQUITY,100000.00,50000.00
2026-05-21T14:58:05.843553+00:00,EQUITY,100000.00,100000.00
2026-05-21T14:58:05.957948+00:00,EQUITY,100000.00,100000.00
2026-05-21T14:58:06.072049+00:00,EQUITY,100000.00,100000.00
2026-05-21T14:58:06.183155+00:00,EQUITY,100000.00,100000.00
2026-05-21T14:58:06.303279+00:00,EQUITY,100000.00,100000.00
2026-05-21T14:58:15.338241+00:00,EQUITY,100000.00,100000.00
2026-05-21T14:58:18.214340+00:00,EQUITY,100000.00,50000.00
2026-05-21T14:58:18.329498+00:00,EQUITY,100000.00,100000.00
2026-05-21T14:58:20.430412+00:00,EQUITY,100000.00,50000.00
2026-05-21T14:58:20.584606+00:00,EQUITY,100000.00,50000.00
2026-05-21T14:58:20.701619+00:00,EQUITY,100000.00,100000.00
2026-05-21T14:58:20.815426+00:00,EQUITY,100000.00,100000.00
2026-05-21T14:58:20.924596+00:00,EQUITY,100000.00,100000.00
2026-05-21T14:58:21.037929+00:00,EQUITY,100000.00,100000.00
2026-05-21T14:58:21.148217+00:00,EQUITY,100000.00,100000.00
2026-05-21T14:58:29.465422+00:00,EQUITY,100000.00,100000.00
2026-05-21T14:58:32.298571+00:00,EQUITY,100000.00,50000.00
2026-05-21T14:58:32.414799+00:00,EQUITY,100000.00,100000.00
2026-05-21T14:58:34.575014+00:00,EQUITY,100000.00,50000.00
2026-05-21T14:58:34.731256+00:00,EQUITY,100000.00,50000.00
2026-05-21T14:58:34.847843+00:00,EQUITY,100000.00,100000.00
2026-05-21T14:58:34.961302+00:00,EQUITY,100000.00,100000.00
2026-05-21T14:58:35.072401+00:00,EQUITY,100000.00,100000.00
2026-05-21T14:58:35.182300+00:00,EQUITY,100000.00,100000.00
2026-05-21T14:58:35.292757+00:00,EQUITY,100000.00,100000.00
2026-05-21T15:11:40.657988+00:00,EQUITY,100000.00,100000.00
2026-05-21T15:11:43.625036+00:00,EQUITY,100000.00,50000.00
2026-05-21T15:11:43.739567+00:00,EQUITY,100000.00,100000.00
2026-05-21T15:11:45.877626+00:00,EQUITY,100000.00,50000.00
2026-05-21T15:11:46.031055+00:00,EQUITY,100000.00,50000.00
2026-05-21T15:11:46.144229+00:00,EQUITY,100000.00,100000.00
2026-05-21T15:11:46.257164+00:00,EQUITY,100000.00,100000.00
2026-05-21T15:11:46.369801+00:00,EQUITY,100000.00,100000.00
2026-05-21T15:11:46.484925+00:00,EQUITY,100000.00,100000.00
2026-05-21T15:11:46.596543+00:00,EQUITY,100000.00,100000.00
2026-05-21T15:11:56.316123+00:00,EQUITY,100000.00,100000.00
2026-05-21T15:11:59.286120+00:00,EQUITY,100000.00,50000.00
2026-05-21T15:11:59.399799+00:00,EQUITY,100000.00,100000.00
2026-05-21T15:12:01.562645+00:00,EQUITY,100000.00,50000.00
2026-05-21T15:12:01.719099+00:00,EQUITY,100000.00,50000.00
2026-05-21T15:12:01.832803+00:00,EQUITY,100000.00,100000.00
2026-05-21T15:12:01.946009+00:00,EQUITY,100000.00,100000.00
2026-05-21T15:12:02.055192+00:00,EQUITY,100000.00,100000.00
2026-05-21T15:12:02.167899+00:00,EQUITY,100000.00,100000.00
2026-05-21T15:12:02.279351+00:00,EQUITY,100000.00,100000.00
2026-05-21T15:12:10.545647+00:00,EQUITY,100000.00,100000.00
2026-05-21T15:12:13.164630+00:00,EQUITY,100000.00,50000.00
2026-05-21T15:12:13.282275+00:00,EQUITY,100000.00,100000.00
2026-05-21T15:12:15.443668+00:00,EQUITY,100000.00,50000.00
2026-05-21T15:12:15.599155+00:00,EQUITY,100000.00,50000.00
2026-05-21T15:12:15.716748+00:00,EQUITY,100000.00,100000.00
2026-05-21T15:12:15.827560+00:00,EQUITY,100000.00,100000.00
2026-05-21T15:12:15.940055+00:00,EQUITY,100000.00,100000.00
2026-05-21T15:12:16.050445+00:00,EQUITY,100000.00,100000.00
2026-05-21T15:12:16.164289+00:00,EQUITY,100000.00,100000.00
2026-05-21T15:12:24.040299+00:00,EQUITY,100000.00,100000.00
2026-05-21T15:12:26.651601+00:00,EQUITY,100000.00,50000.00
2026-05-21T15:12:26.767589+00:00,EQUITY,100000.00,100000.00
2026-05-21T15:12:28.792738+00:00,EQUITY,100000.00,50000.00
2026-05-21T15:12:28.933557+00:00,EQUITY,100000.00,50000.00
2026-05-21T15:12:29.050745+00:00,EQUITY,100000.00,100000.00
2026-05-21T15:12:29.161121+00:00,EQUITY,100000.00,100000.00
2026-05-21T15:12:29.270989+00:00,EQUITY,100000.00,100000.00
2026-05-21T15:12:29.381482+00:00,EQUITY,100000.00,100000.00
2026-05-21T15:12:29.494966+00:00,EQUITY,100000.00,100000.00
2026-05-21T15:12:38.574073+00:00,EQUITY,100000.00,100000.00
2026-05-21T15:12:41.063818+00:00,EQUITY,100000.00,50000.00
2026-05-21T15:12:41.180747+00:00,EQUITY,100000.00,100000.00
2026-05-21T15:12:43.343397+00:00,EQUITY,100000.00,50000.00
2026-05-21T15:12:43.500996+00:00,EQUITY,100000.00,50000.00
2026-05-21T15:12:43.615341+00:00,EQUITY,100000.00,100000.00
2026-05-21T15:12:43.729510+00:00,EQUITY,100000.00,100000.00
2026-05-21T15:12:43.842594+00:00,EQUITY,100000.00,100000.00
2026-05-21T15:12:43.956579+00:00,EQUITY,100000.00,100000.00
2026-05-21T15:12:44.068804+00:00,EQUITY,100000.00,100000.00
2026-05-21T15:18:10.939940+00:00,EQUITY,100000.00,100000.00
2026-05-21T15:18:13.773972+00:00,EQUITY,100000.00,50000.00
2026-05-21T15:18:13.886261+00:00,EQUITY,100000.00,100000.00
2026-05-21T15:18:16.047640+00:00,EQUITY,100000.00,50000.00
2026-05-21T15:18:16.204907+00:00,EQUITY,100000.00,50000.00
2026-05-21T15:18:16.319297+00:00,EQUITY,100000.00,100000.00
2026-05-21T15:18:16.433407+00:00,EQUITY,100000.00,100000.00
2026-05-21T15:18:16.546355+00:00,EQUITY,100000.00,100000.00
2026-05-21T15:18:16.657014+00:00,EQUITY,100000.00,100000.00
2026-05-21T15:18:16.771921+00:00,EQUITY,100000.00,100000.00
2026-05-21T15:18:24.789917+00:00,EQUITY,100000.00,100000.00
2026-05-21T15:18:27.771010+00:00,EQUITY,100000.00,50000.00
2026-05-21T15:18:27.884116+00:00,EQUITY,100000.00,100000.00
2026-05-21T15:18:30.046626+00:00,EQUITY,100000.00,50000.00
2026-05-21T15:18:30.201278+00:00,EQUITY,100000.00,50000.00
2026-05-21T15:18:30.317112+00:00,EQUITY,100000.00,100000.00
2026-05-21T15:18:30.427532+00:00,EQUITY,100000.00,100000.00
2026-05-21T15:18:30.536853+00:00,EQUITY,100000.00,100000.00
2026-05-21T15:18:30.650105+00:00,EQUITY,100000.00,100000.00
2026-05-21T15:18:30.761050+00:00,EQUITY,100000.00,100000.00
2026-05-21T15:18:39.024208+00:00,EQUITY,100000.00,100000.00
2026-05-21T15:18:41.946297+00:00,EQUITY,100000.00,50000.00
2026-05-21T15:18:42.064628+00:00,EQUITY,100000.00,100000.00
2026-05-21T15:18:44.226230+00:00,EQUITY,100000.00,50000.00
2026-05-21T15:18:44.389622+00:00,EQUITY,100000.00,50000.00
2026-05-21T15:18:44.507472+00:00,EQUITY,100000.00,100000.00
2026-05-21T15:18:44.619242+00:00,EQUITY,100000.00,100000.00
2026-05-21T15:18:44.732480+00:00,EQUITY,100000.00,100000.00
2026-05-21T15:18:44.842442+00:00,EQUITY,100000.00,100000.00
2026-05-21T15:18:44.956244+00:00,EQUITY,100000.00,100000.00
2026-05-21T15:18:52.932417+00:00,EQUITY,100000.00,100000.00
2026-05-21T15:18:55.901973+00:00,EQUITY,100000.00,50000.00
2026-05-21T15:18:56.015076+00:00,EQUITY,100000.00,100000.00
2026-05-21T15:18:58.178136+00:00,EQUITY,100000.00,50000.00
2026-05-21T15:18:58.336793+00:00,EQUITY,100000.00,50000.00
2026-05-21T15:18:58.450282+00:00,EQUITY,100000.00,100000.00
2026-05-21T15:18:58.563213+00:00,EQUITY,100000.00,100000.00
2026-05-21T15:18:58.677639+00:00,EQUITY,100000.00,100000.00
2026-05-21T15:18:58.790729+00:00,EQUITY,100000.00,100000.00
2026-05-21T15:18:58.902347+00:00,EQUITY,100000.00,100000.00
2026-05-21T15:28:49.013306+00:00,EQUITY,100000.00,100000.00
2026-05-21T15:28:51.948193+00:00,EQUITY,100000.00,50000.00
2026-05-21T15:28:52.062011+00:00,EQUITY,100000.00,100000.00
2026-05-21T15:28:54.158495+00:00,EQUITY,100000.00,50000.00
2026-05-21T15:28:54.312669+00:00,EQUITY,100000.00,50000.00
2026-05-21T15:28:54.429592+00:00,EQUITY,100000.00,100000.00
2026-05-21T15:28:54.540213+00:00,EQUITY,100000.00,100000.00
2026-05-21T15:28:54.649790+00:00,EQUITY,100000.00,100000.00
2026-05-21T15:28:54.763836+00:00,EQUITY,100000.00,100000.00
2026-05-21T15:28:54.878039+00:00,EQUITY,100000.00,100000.00
2026-05-21T15:29:04.268647+00:00,EQUITY,100000.00,100000.00
2026-05-21T15:29:07.083504+00:00,EQUITY,100000.00,50000.00
2026-05-21T15:29:07.196927+00:00,EQUITY,100000.00,100000.00
2026-05-21T15:29:09.360199+00:00,EQUITY,100000.00,50000.00
2026-05-21T15:29:09.519371+00:00,EQUITY,100000.00,50000.00
2026-05-21T15:29:09.633457+00:00,EQUITY,100000.00,100000.00
2026-05-21T15:29:09.744005+00:00,EQUITY,100000.00,100000.00
2026-05-21T15:29:09.853601+00:00,EQUITY,100000.00,100000.00
2026-05-21T15:29:09.966563+00:00,EQUITY,100000.00,100000.00
2026-05-21T15:29:10.078402+00:00,EQUITY,100000.00,100000.00
2026-05-21T15:29:19.236207+00:00,EQUITY,100000.00,100000.00
2026-05-21T15:29:22.213029+00:00,EQUITY,100000.00,50000.00
2026-05-21T15:29:22.337902+00:00,EQUITY,100000.00,100000.00
2026-05-21T15:29:24.501646+00:00,EQUITY,100000.00,50000.00
2026-05-21T15:29:24.657688+00:00,EQUITY,100000.00,50000.00
2026-05-21T15:29:24.775534+00:00,EQUITY,100000.00,100000.00
2026-05-21T15:29:24.889488+00:00,EQUITY,100000.00,100000.00
2026-05-21T15:29:25.004096+00:00,EQUITY,100000.00,100000.00
2026-05-21T15:29:25.115576+00:00,EQUITY,100000.00,100000.00
2026-05-21T15:29:25.227734+00:00,EQUITY,100000.00,100000.00
2026-05-21T15:29:33.293641+00:00,EQUITY,100000.00,100000.00
2026-05-21T15:29:36.131716+00:00,EQUITY,100000.00,50000.00
2026-05-21T15:29:36.246995+00:00,EQUITY,100000.00,100000.00
2026-05-21T15:29:38.330120+00:00,EQUITY,100000.00,50000.00
2026-05-21T15:29:38.467748+00:00,EQUITY,100000.00,50000.00
2026-05-21T15:29:38.587919+00:00,EQUITY,100000.00,100000.00
2026-05-21T15:29:38.707476+00:00,EQUITY,100000.00,100000.00
2026-05-21T15:29:38.826525+00:00,EQUITY,100000.00,100000.00
2026-05-21T15:29:38.941578+00:00,EQUITY,100000.00,100000.00
2026-05-21T15:29:39.059267+00:00,EQUITY,100000.00,100000.00
2026-05-21T15:29:39.114192+00:00,EQUITY,100000.00,100000.00
2026-05-21T15:29:41.990863+00:00,EQUITY,100000.00,50000.00
2026-05-21T15:29:42.104068+00:00,EQUITY,100000.00,100000.00
2026-05-21T15:29:44.220774+00:00,EQUITY,100000.00,50000.00
2026-05-21T15:29:44.358715+00:00,EQUITY,100000.00,50000.00
2026-05-21T15:29:44.471766+00:00,EQUITY,100000.00,100000.00
2026-05-21T15:29:44.586775+00:00,EQUITY,100000.00,100000.00
2026-05-21T15:29:44.696480+00:00,EQUITY,100000.00,100000.00
2026-05-21T15:29:44.808680+00:00,EQUITY,100000.00,100000.00
2026-05-21T15:29:44.925266+00:00,EQUITY,100000.00,100000.00
2026-05-21T15:29:53.353092+00:00,EQUITY,100000.00,100000.00
2026-05-21T15:29:56.340101+00:00,EQUITY,100000.00,50000.00
2026-05-21T15:29:56.457262+00:00,EQUITY,100000.00,100000.00
2026-05-21T15:29:58.496525+00:00,EQUITY,100000.00,50000.00
2026-05-21T15:29:58.655211+00:00,EQUITY,100000.00,50000.00
2026-05-21T15:29:58.769609+00:00,EQUITY,100000.00,100000.00
2026-05-21T15:29:58.885055+00:00,EQUITY,100000.00,100000.00
2026-05-21T15:29:59.000663+00:00,EQUITY,100000.00,100000.00
2026-05-21T15:29:59.115604+00:00,EQUITY,100000.00,100000.00
2026-05-21T15:29:59.232749+00:00,EQUITY,100000.00,100000.00
2026-05-21T15:30:07.955309+00:00,EQUITY,100000.00,100000.00
2026-05-21T15:30:10.866579+00:00,EQUITY,100000.00,50000.00
2026-05-21T15:30:10.982673+00:00,EQUITY,100000.00,100000.00
2026-05-21T15:30:13.142987+00:00,EQUITY,100000.00,50000.00
2026-05-21T15:30:13.304961+00:00,EQUITY,100000.00,50000.00
2026-05-21T15:30:13.421646+00:00,EQUITY,100000.00,100000.00
2026-05-21T15:30:13.532706+00:00,EQUITY,100000.00,100000.00
2026-05-21T15:30:13.645421+00:00,EQUITY,100000.00,100000.00
2026-05-21T15:30:13.766607+00:00,EQUITY,100000.00,100000.00
2026-05-21T15:30:13.879438+00:00,EQUITY,100000.00,100000.00
2026-05-21T15:30:22.124992+00:00,EQUITY,100000.00,100000.00
2026-05-21T15:30:24.991041+00:00,EQUITY,100000.00,50000.00
2026-05-21T15:30:25.105066+00:00,EQUITY,100000.00,100000.00
2026-05-21T15:30:27.266654+00:00,EQUITY,100000.00,50000.00
2026-05-21T15:30:27.421991+00:00,EQUITY,100000.00,50000.00
2026-05-21T15:30:27.536584+00:00,EQUITY,100000.00,100000.00
2026-05-21T15:30:27.650939+00:00,EQUITY,100000.00,100000.00
2026-05-21T15:30:27.762038+00:00,EQUITY,100000.00,100000.00
2026-05-21T15:30:27.873384+00:00,EQUITY,100000.00,100000.00
2026-05-21T15:30:27.986358+00:00,EQUITY,100000.00,100000.00
2026-05-21T16:17:49.304936+00:00,EQUITY,100000.00,100000.00
2026-05-21T16:17:52.297228+00:00,EQUITY,100000.00,50000.00
2026-05-21T16:17:52.411165+00:00,EQUITY,100000.00,100000.00
2026-05-21T16:17:54.573890+00:00,EQUITY,100000.00,50000.00
2026-05-21T16:17:54.732086+00:00,EQUITY,100000.00,50000.00
2026-05-21T16:17:54.849241+00:00,EQUITY,100000.00,100000.00
2026-05-21T16:17:54.962375+00:00,EQUITY,100000.00,100000.00
2026-05-21T16:17:55.072585+00:00,EQUITY,100000.00,100000.00
2026-05-21T16:17:55.185844+00:00,EQUITY,100000.00,100000.00
2026-05-21T16:17:55.297352+00:00,EQUITY,100000.00,100000.00
2026-05-21T16:18:03.687841+00:00,EQUITY,100000.00,100000.00
2026-05-21T16:18:06.516437+00:00,EQUITY,100000.00,50000.00
2026-05-21T16:18:06.631781+00:00,EQUITY,100000.00,100000.00
2026-05-21T16:18:08.792188+00:00,EQUITY,100000.00,50000.00
2026-05-21T16:18:08.948115+00:00,EQUITY,100000.00,50000.00
2026-05-21T16:18:09.064828+00:00,EQUITY,100000.00,100000.00
2026-05-21T16:18:09.178362+00:00,EQUITY,100000.00,100000.00
2026-05-21T16:18:09.288051+00:00,EQUITY,100000.00,100000.00
2026-05-21T16:18:09.398952+00:00,EQUITY,100000.00,100000.00
2026-05-21T16:18:09.509892+00:00,EQUITY,100000.00,100000.00
2026-05-21T16:18:17.656289+00:00,EQUITY,100000.00,100000.00
2026-05-21T16:18:20.512061+00:00,EQUITY,100000.00,50000.00
2026-05-21T16:18:20.624419+00:00,EQUITY,100000.00,100000.00
2026-05-21T16:18:22.784500+00:00,EQUITY,100000.00,50000.00
2026-05-21T16:18:22.945275+00:00,EQUITY,100000.00,50000.00
2026-05-21T16:18:23.061246+00:00,EQUITY,100000.00,100000.00
2026-05-21T16:18:23.171482+00:00,EQUITY,100000.00,100000.00
2026-05-21T16:18:23.283376+00:00,EQUITY,100000.00,100000.00
2026-05-21T16:18:23.393526+00:00,EQUITY,100000.00,100000.00
2026-05-21T16:18:23.507715+00:00,EQUITY,100000.00,100000.00
2026-05-21T16:18:32.913500+00:00,EQUITY,100000.00,100000.00
2026-05-21T16:18:35.849001+00:00,EQUITY,100000.00,50000.00
2026-05-21T16:18:35.965069+00:00,EQUITY,100000.00,100000.00
2026-05-21T16:18:38.127369+00:00,EQUITY,100000.00,50000.00
2026-05-21T16:18:38.288214+00:00,EQUITY,100000.00,50000.00
2026-05-21T16:18:38.405728+00:00,EQUITY,100000.00,100000.00
2026-05-21T16:18:38.516801+00:00,EQUITY,100000.00,100000.00
2026-05-21T16:18:38.629825+00:00,EQUITY,100000.00,100000.00
2026-05-21T16:18:38.743781+00:00,EQUITY,100000.00,100000.00
2026-05-21T16:18:38.855490+00:00,EQUITY,100000.00,100000.00
2026-05-21T16:30:01.616219+00:00,EQUITY,119528.40,-22565.69
2026-05-21T16:30:01.840463+00:00,EQUITY,119528.66,-22565.69
2026-05-21T16:30:04.677674+00:00,EQUITY,119531.54,-22565.69
2026-05-21T16:30:04.877062+00:00,EQUITY,119520.46,-22565.69
2026-05-21T21:00:01.909640+00:00,EQUITY,120964.94,-22565.69
2026-05-21T21:00:05.357540+00:00,EQUITY,120992.62,-22565.69
2026-05-22T05:25:16.678175+00:00,EQUITY,100000.00,100000.00
2026-05-22T05:25:21.289491+00:00,EQUITY,100000.00,50000.00
2026-05-22T05:25:21.402349+00:00,EQUITY,100000.00,100000.00
2026-05-22T05:25:23.564095+00:00,EQUITY,100000.00,50000.00
2026-05-22T05:25:23.730891+00:00,EQUITY,100000.00,50000.00
2026-05-22T05:25:23.947742+00:00,EQUITY,100000.00,100000.00
2026-05-22T05:25:24.064755+00:00,EQUITY,100000.00,100000.00
2026-05-22T05:25:24.180256+00:00,EQUITY,100000.00,100000.00
2026-05-22T05:25:24.290829+00:00,EQUITY,100000.00,100000.00
2026-05-22T05:25:24.405449+00:00,EQUITY,100000.00,100000.00
2026-05-22T05:25:32.014652+00:00,EQUITY,100000.00,100000.00
2026-05-22T05:25:35.003801+00:00,EQUITY,100000.00,50000.00
2026-05-22T05:25:35.118025+00:00,EQUITY,100000.00,100000.00
2026-05-22T05:25:37.273794+00:00,EQUITY,100000.00,50000.00
2026-05-22T05:25:37.407345+00:00,EQUITY,100000.00,50000.00
2026-05-22T05:25:37.525380+00:00,EQUITY,100000.00,100000.00
2026-05-22T05:25:37.641915+00:00,EQUITY,100000.00,100000.00
2026-05-22T05:25:37.753214+00:00,EQUITY,100000.00,100000.00
2026-05-22T05:25:37.867536+00:00,EQUITY,100000.00,100000.00
2026-05-22T05:25:37.985469+00:00,EQUITY,100000.00,100000.00
2026-05-22T05:25:47.203720+00:00,EQUITY,100000.00,100000.00
2026-05-22T05:25:50.205019+00:00,EQUITY,100000.00,50000.00
2026-05-22T05:25:50.317927+00:00,EQUITY,100000.00,100000.00
2026-05-22T05:25:52.478465+00:00,EQUITY,100000.00,50000.00
2026-05-22T05:25:52.633349+00:00,EQUITY,100000.00,50000.00
2026-05-22T05:25:52.747766+00:00,EQUITY,100000.00,100000.00
2026-05-22T05:25:52.861708+00:00,EQUITY,100000.00,100000.00
2026-05-22T05:25:52.971935+00:00,EQUITY,100000.00,100000.00
2026-05-22T05:25:53.083017+00:00,EQUITY,100000.00,100000.00
2026-05-22T05:25:53.199783+00:00,EQUITY,100000.00,100000.00
2026-05-22T05:26:00.752799+00:00,EQUITY,100000.00,100000.00
2026-05-22T05:26:03.732290+00:00,EQUITY,100000.00,50000.00
2026-05-22T05:26:03.845840+00:00,EQUITY,100000.00,100000.00
2026-05-22T05:26:06.007115+00:00,EQUITY,100000.00,50000.00
2026-05-22T05:26:06.164294+00:00,EQUITY,100000.00,50000.00
2026-05-22T05:26:06.277914+00:00,EQUITY,100000.00,100000.00
2026-05-22T05:26:06.391202+00:00,EQUITY,100000.00,100000.00
2026-05-22T05:26:06.500803+00:00,EQUITY,100000.00,100000.00
2026-05-22T05:26:06.616187+00:00,EQUITY,100000.00,100000.00
2026-05-22T05:26:06.728310+00:00,EQUITY,100000.00,100000.00
2026-05-22T05:47:07.933103+00:00,EQUITY,100000.00,100000.00
2026-05-22T05:47:10.739524+00:00,EQUITY,100000.00,50000.00
2026-05-22T05:47:10.851880+00:00,EQUITY,100000.00,100000.00
2026-05-22T05:47:13.014573+00:00,EQUITY,100000.00,50000.00
2026-05-22T05:47:13.170114+00:00,EQUITY,100000.00,50000.00
2026-05-22T05:47:13.283179+00:00,EQUITY,100000.00,100000.00
2026-05-22T05:47:13.396817+00:00,EQUITY,100000.00,100000.00
2026-05-22T05:47:13.505187+00:00,EQUITY,100000.00,100000.00
2026-05-22T05:47:13.618511+00:00,EQUITY,100000.00,100000.00
2026-05-22T05:47:13.731289+00:00,EQUITY,100000.00,100000.00
2026-05-22T05:47:21.970955+00:00,EQUITY,100000.00,100000.00
2026-05-22T05:47:24.820110+00:00,EQUITY,100000.00,50000.00
2026-05-22T05:47:24.936137+00:00,EQUITY,100000.00,100000.00
2026-05-22T05:47:26.969676+00:00,EQUITY,100000.00,50000.00
2026-05-22T05:47:27.122254+00:00,EQUITY,100000.00,50000.00
2026-05-22T05:47:27.234890+00:00,EQUITY,100000.00,100000.00
2026-05-22T05:47:27.348527+00:00,EQUITY,100000.00,100000.00
2026-05-22T05:47:27.456864+00:00,EQUITY,100000.00,100000.00
2026-05-22T05:47:27.566659+00:00,EQUITY,100000.00,100000.00
2026-05-22T05:47:27.680608+00:00,EQUITY,100000.00,100000.00
2026-05-22T05:47:35.487494+00:00,EQUITY,100000.00,100000.00
2026-05-22T05:47:38.466838+00:00,EQUITY,100000.00,50000.00
2026-05-22T05:47:38.579114+00:00,EQUITY,100000.00,100000.00
2026-05-22T05:47:40.741601+00:00,EQUITY,100000.00,50000.00
2026-05-22T05:47:40.898538+00:00,EQUITY,100000.00,50000.00
2026-05-22T05:47:41.014200+00:00,EQUITY,100000.00,100000.00
2026-05-22T05:47:41.124346+00:00,EQUITY,100000.00,100000.00
2026-05-22T05:47:41.237573+00:00,EQUITY,100000.00,100000.00
2026-05-22T05:47:41.354468+00:00,EQUITY,100000.00,100000.00
2026-05-22T05:47:41.477380+00:00,EQUITY,100000.00,100000.00
2026-05-22T12:30:02.685741+00:00,EQUITY,122209.92,-22565.70
2026-05-22T13:31:06.607131+00:00,EQUITY,122847.61,-22565.70
2026-05-22T13:31:07.308497+00:00,EQUITY,122858.89,-22565.70
2026-05-22T13:35:03.520478+00:00,EQUITY,123516.50,-22565.70
2026-05-24T04:18:30.622616+00:00,EQUITY,100000.00,100000.00
2026-05-24T04:18:35.374155+00:00,EQUITY,100000.00,50000.00
2026-05-24T04:18:35.510457+00:00,EQUITY,100000.00,100000.00
2026-05-24T04:18:37.524792+00:00,EQUITY,100000.00,50000.00
2026-05-24T04:18:37.670340+00:00,EQUITY,100000.00,50000.00
2026-05-24T04:18:37.866618+00:00,EQUITY,100000.00,100000.00
2026-05-24T04:18:37.982144+00:00,EQUITY,100000.00,100000.00
2026-05-24T04:18:38.095630+00:00,EQUITY,100000.00,100000.00
2026-05-24T04:18:38.212894+00:00,EQUITY,100000.00,100000.00
2026-05-24T04:18:38.328973+00:00,EQUITY,100000.00,100000.00
2026-05-24T04:40:10.365103+00:00,EQUITY,100000.00,100000.00
2026-05-24T04:40:13.227886+00:00,EQUITY,100000.00,50000.00
2026-05-24T04:40:13.344863+00:00,EQUITY,100000.00,100000.00
2026-05-24T04:40:15.359377+00:00,EQUITY,100000.00,50000.00
2026-05-24T04:40:15.507985+00:00,EQUITY,100000.00,50000.00
2026-05-24T04:40:15.623892+00:00,EQUITY,100000.00,100000.00
2026-05-24T04:40:15.735585+00:00,EQUITY,100000.00,100000.00
2026-05-24T04:40:15.849256+00:00,EQUITY,100000.00,100000.00
2026-05-24T04:40:15.965105+00:00,EQUITY,100000.00,100000.00
2026-05-24T04:40:16.083136+00:00,EQUITY,100000.00,100000.00
2026-05-24T04:58:02.838453+00:00,EQUITY,100000.00,50000.00
2026-05-24T04:58:02.951766+00:00,EQUITY,100000.00,100000.00
2026-05-24T04:58:04.965087+00:00,EQUITY,100000.00,50000.00
2026-05-24T04:58:05.125772+00:00,EQUITY,100000.00,50000.00
2026-05-24T04:58:05.241306+00:00,EQUITY,100000.00,100000.00
2026-05-24T04:58:05.352403+00:00,EQUITY,100000.00,100000.00
2026-05-24T04:58:05.463495+00:00,EQUITY,100000.00,100000.00
2026-05-24T04:58:05.579393+00:00,EQUITY,100000.00,100000.00
2026-05-24T04:58:05.695341+00:00,EQUITY,100000.00,100000.00
2026-05-24T04:58:32.428292+00:00,EQUITY,100000.00,50000.00
2026-05-24T04:58:32.545997+00:00,EQUITY,100000.00,100000.00
2026-05-24T04:58:34.559184+00:00,EQUITY,100000.00,50000.00
2026-05-24T04:58:34.703371+00:00,EQUITY,100000.00,50000.00
2026-05-24T04:58:34.823614+00:00,EQUITY,100000.00,100000.00
2026-05-24T04:58:34.935204+00:00,EQUITY,100000.00,100000.00
2026-05-24T04:58:35.045337+00:00,EQUITY,100000.00,100000.00
2026-05-24T04:58:35.156315+00:00,EQUITY,100000.00,100000.00
2026-05-24T04:58:35.272470+00:00,EQUITY,100000.00,100000.00
2026-05-24T04:58:39.513768+00:00,EQUITY,100000.00,100000.00
2026-05-24T04:58:42.292083+00:00,EQUITY,100000.00,50000.00
2026-05-24T04:58:42.406917+00:00,EQUITY,100000.00,100000.00
2026-05-24T04:58:44.416573+00:00,EQUITY,100000.00,50000.00
2026-05-24T04:58:44.553913+00:00,EQUITY,100000.00,50000.00
2026-05-24T04:58:44.670307+00:00,EQUITY,100000.00,100000.00
2026-05-24T04:58:44.782817+00:00,EQUITY,100000.00,100000.00
2026-05-24T04:58:44.895067+00:00,EQUITY,100000.00,100000.00
2026-05-24T04:58:45.012390+00:00,EQUITY,100000.00,100000.00
2026-05-24T04:58:45.131262+00:00,EQUITY,100000.00,100000.00
2026-05-24T04:58:54.076624+00:00,EQUITY,100000.00,100000.00
2026-05-24T04:59:11.955834+00:00,EQUITY,100000.00,100000.00
2026-05-24T04:59:14.807628+00:00,EQUITY,100000.00,50000.00
2026-05-24T04:59:14.924886+00:00,EQUITY,100000.00,100000.00
2026-05-24T04:59:16.939195+00:00,EQUITY,100000.00,50000.00
2026-05-24T04:59:17.079183+00:00,EQUITY,100000.00,50000.00
2026-05-24T04:59:17.194972+00:00,EQUITY,100000.00,100000.00
2026-05-24T04:59:17.306154+00:00,EQUITY,100000.00,100000.00
2026-05-24T04:59:17.416697+00:00,EQUITY,100000.00,100000.00
2026-05-24T04:59:17.532025+00:00,EQUITY,100000.00,100000.00
2026-05-24T04:59:17.644591+00:00,EQUITY,100000.00,100000.00
2026-05-24T05:00:35.060292+00:00,EQUITY,100000.00,50000.00
2026-05-24T05:00:35.174850+00:00,EQUITY,100000.00,100000.00
2026-05-24T05:00:37.181951+00:00,EQUITY,100000.00,50000.00
2026-05-24T05:00:37.322842+00:00,EQUITY,100000.00,50000.00
2026-05-24T05:00:37.442102+00:00,EQUITY,100000.00,100000.00
2026-05-24T05:00:37.558735+00:00,EQUITY,100000.00,100000.00
2026-05-24T05:00:37.669195+00:00,EQUITY,100000.00,100000.00
2026-05-24T05:00:37.780908+00:00,EQUITY,100000.00,100000.00
2026-05-24T05:00:37.897726+00:00,EQUITY,100000.00,100000.00
2026-05-24T05:00:57.115401+00:00,EQUITY,100000.00,50000.00
2026-05-24T05:00:57.228772+00:00,EQUITY,100000.00,100000.00
2026-05-24T05:00:59.242279+00:00,EQUITY,100000.00,50000.00
2026-05-24T05:00:59.390064+00:00,EQUITY,100000.00,50000.00
2026-05-24T05:00:59.506253+00:00,EQUITY,100000.00,100000.00
2026-05-24T05:00:59.618213+00:00,EQUITY,100000.00,100000.00
2026-05-24T05:00:59.730973+00:00,EQUITY,100000.00,100000.00
2026-05-24T05:00:59.841592+00:00,EQUITY,100000.00,100000.00
2026-05-24T05:00:59.958722+00:00,EQUITY,100000.00,100000.00
2026-05-24T05:01:05.709181+00:00,EQUITY,100000.00,100000.00
2026-05-24T05:01:08.568210+00:00,EQUITY,100000.00,50000.00
2026-05-24T05:01:08.682345+00:00,EQUITY,100000.00,100000.00
2026-05-24T05:01:10.698201+00:00,EQUITY,100000.00,50000.00
2026-05-24T05:01:10.852062+00:00,EQUITY,100000.00,50000.00
2026-05-24T05:01:10.968022+00:00,EQUITY,100000.00,100000.00
2026-05-24T05:01:11.080023+00:00,EQUITY,100000.00,100000.00
2026-05-24T05:01:11.192054+00:00,EQUITY,100000.00,100000.00
2026-05-24T05:01:11.304586+00:00,EQUITY,100000.00,100000.00
2026-05-24T05:01:11.421593+00:00,EQUITY,100000.00,100000.00
2026-05-24T05:02:19.673746+00:00,EQUITY,100000.00,100000.00
2026-05-24T05:02:22.534814+00:00,EQUITY,100000.00,50000.00
2026-05-24T05:02:22.652387+00:00,EQUITY,100000.00,100000.00
2026-05-24T05:02:24.666584+00:00,EQUITY,100000.00,50000.00
2026-05-24T05:02:24.810140+00:00,EQUITY,100000.00,50000.00
2026-05-24T05:02:24.929670+00:00,EQUITY,100000.00,100000.00
2026-05-24T05:02:25.044663+00:00,EQUITY,100000.00,100000.00
2026-05-24T05:02:25.157792+00:00,EQUITY,100000.00,100000.00
2026-05-24T05:02:25.270942+00:00,EQUITY,100000.00,100000.00
2026-05-24T05:02:25.387428+00:00,EQUITY,100000.00,100000.00
2026-05-24T05:14:05.608119+00:00,EQUITY,100000.00,100000.00
2026-05-24T05:14:08.457615+00:00,EQUITY,100000.00,50000.00
2026-05-24T05:14:08.576571+00:00,EQUITY,100000.00,100000.00
2026-05-24T05:14:10.588843+00:00,EQUITY,100000.00,50000.00
2026-05-24T05:14:10.729027+00:00,EQUITY,100000.00,50000.00
2026-05-24T05:14:10.850061+00:00,EQUITY,100000.00,100000.00
2026-05-24T05:14:10.965249+00:00,EQUITY,100000.00,100000.00
2026-05-24T05:14:11.075822+00:00,EQUITY,100000.00,100000.00
2026-05-24T05:14:11.187168+00:00,EQUITY,100000.00,100000.00
2026-05-24T05:14:11.301503+00:00,EQUITY,100000.00,100000.00
2026-05-24T05:14:20.904073+00:00,EQUITY,100000.00,100000.00
2026-05-24T05:14:23.765491+00:00,EQUITY,100000.00,50000.00
2026-05-24T05:14:23.879546+00:00,EQUITY,100000.00,100000.00
2026-05-24T05:14:25.892207+00:00,EQUITY,100000.00,50000.00
2026-05-24T05:14:26.031701+00:00,EQUITY,100000.00,50000.00
2026-05-24T05:14:26.146711+00:00,EQUITY,100000.00,100000.00
2026-05-24T05:14:26.258300+00:00,EQUITY,100000.00,100000.00
2026-05-24T05:14:26.372063+00:00,EQUITY,100000.00,100000.00
2026-05-24T05:14:26.483777+00:00,EQUITY,100000.00,100000.00
2026-05-24T05:14:26.596161+00:00,EQUITY,100000.00,100000.00
2026-05-24T05:17:19.882624+00:00,EQUITY,100000.00,100000.00
2026-05-24T05:17:22.753919+00:00,EQUITY,100000.00,50000.00
2026-05-24T05:17:22.872466+00:00,EQUITY,100000.00,100000.00
2026-05-24T05:17:24.887230+00:00,EQUITY,100000.00,50000.00
2026-05-24T05:17:25.040707+00:00,EQUITY,100000.00,50000.00
2026-05-24T05:17:25.159196+00:00,EQUITY,100000.00,100000.00
2026-05-24T05:17:25.276002+00:00,EQUITY,100000.00,100000.00
2026-05-24T05:17:25.386819+00:00,EQUITY,100000.00,100000.00
2026-05-24T05:17:25.499172+00:00,EQUITY,100000.00,100000.00
2026-05-24T05:17:25.612896+00:00,EQUITY,100000.00,100000.00
2026-05-24T05:19:02.853064+00:00,EQUITY,100000.00,50000.00
2026-05-24T05:19:02.973271+00:00,EQUITY,100000.00,100000.00
2026-05-24T05:19:04.987155+00:00,EQUITY,100000.00,50000.00
2026-05-24T05:19:05.132758+00:00,EQUITY,100000.00,50000.00
2026-05-24T05:19:05.249951+00:00,EQUITY,100000.00,100000.00
2026-05-24T05:19:05.365587+00:00,EQUITY,100000.00,100000.00
2026-05-24T05:19:05.475672+00:00,EQUITY,100000.00,100000.00
2026-05-24T05:19:05.587517+00:00,EQUITY,100000.00,100000.00
2026-05-24T05:19:05.700245+00:00,EQUITY,100000.00,100000.00
2026-05-24T05:19:10.960660+00:00,EQUITY,100000.00,100000.00
2026-05-24T05:19:13.809076+00:00,EQUITY,100000.00,50000.00
2026-05-24T05:19:13.924019+00:00,EQUITY,100000.00,100000.00
2026-05-24T05:19:15.939065+00:00,EQUITY,100000.00,50000.00
2026-05-24T05:19:16.086947+00:00,EQUITY,100000.00,50000.00
2026-05-24T05:19:16.201641+00:00,EQUITY,100000.00,100000.00
2026-05-24T05:19:16.317928+00:00,EQUITY,100000.00,100000.00
2026-05-24T05:19:16.433506+00:00,EQUITY,100000.00,100000.00
2026-05-24T05:19:16.544742+00:00,EQUITY,100000.00,100000.00
2026-05-24T05:19:16.660641+00:00,EQUITY,100000.00,100000.00
2026-05-24T05:37:04.214409+00:00,EQUITY,100000.00,100000.00
2026-05-24T05:37:07.167914+00:00,EQUITY,100000.00,50000.00
2026-05-24T05:37:07.286844+00:00,EQUITY,100000.00,100000.00
2026-05-24T05:37:09.303818+00:00,EQUITY,100000.00,50000.00
2026-05-24T05:37:09.451910+00:00,EQUITY,100000.00,50000.00
2026-05-24T05:37:09.569360+00:00,EQUITY,100000.00,100000.00
2026-05-24T05:37:09.685708+00:00,EQUITY,100000.00,100000.00
2026-05-24T05:37:09.799809+00:00,EQUITY,100000.00,100000.00
2026-05-24T05:37:09.911881+00:00,EQUITY,100000.00,100000.00
2026-05-24T05:37:10.024820+00:00,EQUITY,100000.00,100000.00
2026-05-24T05:37:57.197924+00:00,EQUITY,100000.00,100000.00
2026-05-24T05:38:00.067419+00:00,EQUITY,100000.00,50000.00
2026-05-24T05:38:00.186378+00:00,EQUITY,100000.00,100000.00
2026-05-24T05:38:02.202426+00:00,EQUITY,100000.00,50000.00
2026-05-24T05:38:02.353130+00:00,EQUITY,100000.00,50000.00
2026-05-24T05:38:02.469088+00:00,EQUITY,100000.00,100000.00
2026-05-24T05:38:02.584551+00:00,EQUITY,100000.00,100000.00
2026-05-24T05:38:02.695293+00:00,EQUITY,100000.00,100000.00
2026-05-24T05:38:02.810286+00:00,EQUITY,100000.00,100000.00
2026-05-24T05:38:02.927109+00:00,EQUITY,100000.00,100000.00
2026-05-24T05:40:14.890503+00:00,EQUITY,100000.00,100000.00
2026-05-24T05:40:17.749078+00:00,EQUITY,100000.00,50000.00
2026-05-24T05:40:17.867215+00:00,EQUITY,100000.00,100000.00
2026-05-24T05:40:19.882274+00:00,EQUITY,100000.00,50000.00
2026-05-24T05:40:20.024999+00:00,EQUITY,100000.00,50000.00
2026-05-24T05:40:20.140145+00:00,EQUITY,100000.00,100000.00
2026-05-24T05:40:20.255543+00:00,EQUITY,100000.00,100000.00
2026-05-24T05:40:20.365408+00:00,EQUITY,100000.00,100000.00
2026-05-24T05:40:20.477055+00:00,EQUITY,100000.00,100000.00
2026-05-24T05:40:20.591738+00:00,EQUITY,100000.00,100000.00
2026-05-24T05:41:07.818668+00:00,EQUITY,100000.00,100000.00
2026-05-24T05:41:10.673703+00:00,EQUITY,100000.00,50000.00
2026-05-24T05:41:10.791760+00:00,EQUITY,100000.00,100000.00
2026-05-24T05:41:12.805689+00:00,EQUITY,100000.00,50000.00
2026-05-24T05:41:12.945902+00:00,EQUITY,100000.00,50000.00
2026-05-24T05:41:13.064479+00:00,EQUITY,100000.00,100000.00
2026-05-24T05:41:13.180032+00:00,EQUITY,100000.00,100000.00
2026-05-24T05:41:13.290552+00:00,EQUITY,100000.00,100000.00
2026-05-24T05:41:13.405116+00:00,EQUITY,100000.00,100000.00
2026-05-24T05:41:13.520910+00:00,EQUITY,100000.00,100000.00
2026-05-24T05:42:02.520012+00:00,EQUITY,100000.00,100000.00
2026-05-24T05:42:05.410818+00:00,EQUITY,100000.00,50000.00
2026-05-24T05:42:05.525302+00:00,EQUITY,100000.00,100000.00
2026-05-24T05:42:07.539784+00:00,EQUITY,100000.00,50000.00
2026-05-24T05:42:07.689195+00:00,EQUITY,100000.00,50000.00
2026-05-24T05:42:07.807314+00:00,EQUITY,100000.00,100000.00
2026-05-24T05:42:07.921959+00:00,EQUITY,100000.00,100000.00
2026-05-24T05:42:08.033262+00:00,EQUITY,100000.00,100000.00
2026-05-24T05:42:08.149190+00:00,EQUITY,100000.00,100000.00
2026-05-24T05:42:08.266497+00:00,EQUITY,100000.00,100000.00
2026-05-24T05:43:08.296293+00:00,EQUITY,100000.00,100000.00
2026-05-24T05:43:11.168391+00:00,EQUITY,100000.00,50000.00
2026-05-24T05:43:11.282434+00:00,EQUITY,100000.00,100000.00
2026-05-24T05:43:13.302690+00:00,EQUITY,100000.00,50000.00
2026-05-24T05:43:13.456023+00:00,EQUITY,100000.00,50000.00
2026-05-24T05:43:13.575604+00:00,EQUITY,100000.00,100000.00
2026-05-24T05:43:13.687410+00:00,EQUITY,100000.00,100000.00
2026-05-24T05:43:13.799408+00:00,EQUITY,100000.00,100000.00
2026-05-24T05:43:13.915287+00:00,EQUITY,100000.00,100000.00
2026-05-24T05:43:14.028239+00:00,EQUITY,100000.00,100000.00
2026-05-24T05:45:07.978618+00:00,EQUITY,100000.00,100000.00
2026-05-24T05:45:10.884431+00:00,EQUITY,100000.00,50000.00
2026-05-24T05:45:11.001993+00:00,EQUITY,100000.00,100000.00
2026-05-24T05:45:13.016501+00:00,EQUITY,100000.00,50000.00
2026-05-24T05:45:13.159287+00:00,EQUITY,100000.00,50000.00
2026-05-24T05:45:13.273906+00:00,EQUITY,100000.00,100000.00
2026-05-24T05:45:13.385234+00:00,EQUITY,100000.00,100000.00
2026-05-24T05:45:13.495803+00:00,EQUITY,100000.00,100000.00
2026-05-24T05:45:13.607304+00:00,EQUITY,100000.00,100000.00
2026-05-24T05:45:13.722790+00:00,EQUITY,100000.00,100000.00
2026-05-24T05:51:31.966854+00:00,EQUITY,100000.00,100000.00
2026-05-24T05:51:34.830939+00:00,EQUITY,100000.00,50000.00
2026-05-24T05:51:34.952898+00:00,EQUITY,100000.00,100000.00
2026-05-24T05:51:36.965728+00:00,EQUITY,100000.00,50000.00
2026-05-24T05:51:37.125765+00:00,EQUITY,100000.00,50000.00
2026-05-24T05:51:37.244693+00:00,EQUITY,100000.00,100000.00
2026-05-24T05:51:37.356188+00:00,EQUITY,100000.00,100000.00
2026-05-24T05:51:37.470746+00:00,EQUITY,100000.00,100000.00
2026-05-24T05:51:37.582581+00:00,EQUITY,100000.00,100000.00
2026-05-24T05:51:37.701276+00:00,EQUITY,100000.00,100000.00
2026-05-24T05:52:05.976643+00:00,EQUITY,100000.00,100000.00
2026-05-24T05:52:08.824706+00:00,EQUITY,100000.00,50000.00
2026-05-24T05:52:08.947417+00:00,EQUITY,100000.00,100000.00
2026-05-24T05:52:10.959469+00:00,EQUITY,100000.00,50000.00
2026-05-24T05:52:11.095311+00:00,EQUITY,100000.00,50000.00
2026-05-24T05:52:11.214068+00:00,EQUITY,100000.00,100000.00
2026-05-24T05:52:11.330532+00:00,EQUITY,100000.00,100000.00
2026-05-24T05:52:11.447746+00:00,EQUITY,100000.00,100000.00
2026-05-24T05:52:11.564036+00:00,EQUITY,100000.00,100000.00
2026-05-24T05:52:11.676815+00:00,EQUITY,100000.00,100000.00
2026-05-24T05:53:06.139510+00:00,EQUITY,100000.00,100000.00
2026-05-24T05:53:08.999040+00:00,EQUITY,100000.00,50000.00
2026-05-24T05:53:09.119240+00:00,EQUITY,100000.00,100000.00
2026-05-24T05:53:11.131497+00:00,EQUITY,100000.00,50000.00
2026-05-24T05:53:11.268379+00:00,EQUITY,100000.00,50000.00
2026-05-24T05:53:11.382518+00:00,EQUITY,100000.00,100000.00
2026-05-24T05:53:11.495102+00:00,EQUITY,100000.00,100000.00
2026-05-24T05:53:11.611809+00:00,EQUITY,100000.00,100000.00
2026-05-24T05:53:11.723577+00:00,EQUITY,100000.00,100000.00
2026-05-24T05:53:11.839635+00:00,EQUITY,100000.00,100000.00
2026-05-24T05:54:16.266079+00:00,EQUITY,100000.00,100000.00
2026-05-24T05:54:19.128223+00:00,EQUITY,100000.00,50000.00
2026-05-24T05:54:19.245826+00:00,EQUITY,100000.00,100000.00
2026-05-24T05:54:21.259400+00:00,EQUITY,100000.00,50000.00
2026-05-24T05:54:21.403427+00:00,EQUITY,100000.00,50000.00
2026-05-24T05:54:21.521369+00:00,EQUITY,100000.00,100000.00
2026-05-24T05:54:21.636281+00:00,EQUITY,100000.00,100000.00
2026-05-24T05:54:21.752507+00:00,EQUITY,100000.00,100000.00
2026-05-24T05:54:21.873050+00:00,EQUITY,100000.00,100000.00
2026-05-24T05:54:21.992929+00:00,EQUITY,100000.00,100000.00
2026-05-24T05:55:28.054141+00:00,EQUITY,100000.00,100000.00
2026-05-24T05:55:30.914809+00:00,EQUITY,100000.00,50000.00
2026-05-24T05:55:31.032266+00:00,EQUITY,100000.00,100000.00
2026-05-24T05:55:33.043983+00:00,EQUITY,100000.00,50000.00
2026-05-24T05:55:33.186338+00:00,EQUITY,100000.00,50000.00
2026-05-24T05:55:33.304061+00:00,EQUITY,100000.00,100000.00
2026-05-24T05:55:33.419880+00:00,EQUITY,100000.00,100000.00
2026-05-24T05:55:33.535487+00:00,EQUITY,100000.00,100000.00
2026-05-24T05:55:33.649237+00:00,EQUITY,100000.00,100000.00
2026-05-24T05:55:33.766920+00:00,EQUITY,100000.00,100000.00
2026-05-24T05:56:16.278441+00:00,EQUITY,100000.00,100000.00
2026-05-24T05:56:19.130215+00:00,EQUITY,100000.00,50000.00
2026-05-24T05:56:19.248722+00:00,EQUITY,100000.00,100000.00
2026-05-24T05:56:21.264001+00:00,EQUITY,100000.00,50000.00
2026-05-24T05:56:21.411646+00:00,EQUITY,100000.00,50000.00
2026-05-24T05:56:21.531111+00:00,EQUITY,100000.00,100000.00
2026-05-24T05:56:21.642179+00:00,EQUITY,100000.00,100000.00
2026-05-24T05:56:21.752792+00:00,EQUITY,100000.00,100000.00
2026-05-24T05:56:21.865452+00:00,EQUITY,100000.00,100000.00
2026-05-24T05:56:21.980871+00:00,EQUITY,100000.00,100000.00
2026-05-24T05:58:24.392661+00:00,EQUITY,100000.00,100000.00
2026-05-24T05:58:27.247408+00:00,EQUITY,100000.00,50000.00
2026-05-24T05:58:27.361623+00:00,EQUITY,100000.00,100000.00
2026-05-24T05:58:29.378583+00:00,EQUITY,100000.00,50000.00
2026-05-24T05:58:29.521607+00:00,EQUITY,100000.00,50000.00
2026-05-24T05:58:29.636502+00:00,EQUITY,100000.00,100000.00
2026-05-24T05:58:29.754230+00:00,EQUITY,100000.00,100000.00
2026-05-24T05:58:29.865612+00:00,EQUITY,100000.00,100000.00
2026-05-24T05:58:29.978501+00:00,EQUITY,100000.00,100000.00
2026-05-24T05:58:30.094920+00:00,EQUITY,100000.00,100000.00
2026-05-24T05:59:23.468496+00:00,EQUITY,100000.00,100000.00
2026-05-24T05:59:26.326307+00:00,EQUITY,100000.00,50000.00
2026-05-24T05:59:26.446327+00:00,EQUITY,100000.00,100000.00
2026-05-24T05:59:28.462164+00:00,EQUITY,100000.00,50000.00
2026-05-24T05:59:28.612482+00:00,EQUITY,100000.00,50000.00
2026-05-24T05:59:28.727517+00:00,EQUITY,100000.00,100000.00
2026-05-24T05:59:28.862204+00:00,EQUITY,100000.00,100000.00
2026-05-24T05:59:28.977726+00:00,EQUITY,100000.00,100000.00
2026-05-24T05:59:29.090669+00:00,EQUITY,100000.00,100000.00
2026-05-24T05:59:29.204899+00:00,EQUITY,100000.00,100000.00
2026-05-24T06:00:29.428746+00:00,EQUITY,100000.00,100000.00
2026-05-24T06:00:32.318556+00:00,EQUITY,100000.00,50000.00
2026-05-24T06:00:32.435543+00:00,EQUITY,100000.00,100000.00
2026-05-24T06:00:34.450658+00:00,EQUITY,100000.00,50000.00
2026-05-24T06:00:34.593766+00:00,EQUITY,100000.00,50000.00
2026-05-24T06:00:34.714825+00:00,EQUITY,100000.00,100000.00
2026-05-24T06:00:34.828010+00:00,EQUITY,100000.00,100000.00
2026-05-24T06:00:34.939701+00:00,EQUITY,100000.00,100000.00
2026-05-24T06:00:35.056743+00:00,EQUITY,100000.00,100000.00
2026-05-24T06:00:35.173345+00:00,EQUITY,100000.00,100000.00
2026-05-24T06:03:36.672778+00:00,EQUITY,100000.00,100000.00
2026-05-24T06:03:39.559697+00:00,EQUITY,100000.00,50000.00
2026-05-24T06:03:39.676249+00:00,EQUITY,100000.00,100000.00
2026-05-24T06:03:41.690781+00:00,EQUITY,100000.00,50000.00
2026-05-24T06:03:41.838535+00:00,EQUITY,100000.00,50000.00
2026-05-24T06:03:41.958544+00:00,EQUITY,100000.00,100000.00
2026-05-24T06:03:42.071320+00:00,EQUITY,100000.00,100000.00
2026-05-24T06:03:42.184043+00:00,EQUITY,100000.00,100000.00
2026-05-24T06:03:42.301054+00:00,EQUITY,100000.00,100000.00
2026-05-24T06:03:42.418296+00:00,EQUITY,100000.00,100000.00
2026-05-24T06:08:49.836993+00:00,EQUITY,100000.00,100000.00
2026-05-24T06:08:52.694286+00:00,EQUITY,100000.00,50000.00
2026-05-24T06:08:52.811533+00:00,EQUITY,100000.00,100000.00
2026-05-24T06:08:54.819659+00:00,EQUITY,100000.00,50000.00
2026-05-24T06:08:54.955512+00:00,EQUITY,100000.00,50000.00
2026-05-24T06:08:55.073534+00:00,EQUITY,100000.00,100000.00
2026-05-24T06:08:55.187747+00:00,EQUITY,100000.00,100000.00
2026-05-24T06:08:55.304208+00:00,EQUITY,100000.00,100000.00
2026-05-24T06:08:55.418374+00:00,EQUITY,100000.00,100000.00
2026-05-24T06:08:55.538259+00:00,EQUITY,100000.00,100000.00
2026-05-24T06:09:45.628716+00:00,EQUITY,100000.00,100000.00
2026-05-24T06:09:48.514712+00:00,EQUITY,100000.00,50000.00
2026-05-24T06:09:48.631760+00:00,EQUITY,100000.00,100000.00
2026-05-24T06:09:50.640215+00:00,EQUITY,100000.00,50000.00
2026-05-24T06:09:50.783161+00:00,EQUITY,100000.00,50000.00
2026-05-24T06:09:50.911793+00:00,EQUITY,100000.00,100000.00
2026-05-24T06:09:51.030496+00:00,EQUITY,100000.00,100000.00
2026-05-24T06:09:51.146859+00:00,EQUITY,100000.00,100000.00
2026-05-24T06:09:51.265046+00:00,EQUITY,100000.00,100000.00
2026-05-24T06:09:51.383230+00:00,EQUITY,100000.00,100000.00
2026-05-24T06:10:29.431357+00:00,EQUITY,100000.00,100000.00
2026-05-24T06:10:32.335614+00:00,EQUITY,100000.00,50000.00
2026-05-24T06:10:32.453100+00:00,EQUITY,100000.00,100000.00
2026-05-24T06:10:34.467393+00:00,EQUITY,100000.00,50000.00
2026-05-24T06:10:34.608999+00:00,EQUITY,100000.00,50000.00
2026-05-24T06:10:34.729223+00:00,EQUITY,100000.00,100000.00
2026-05-24T06:10:34.844526+00:00,EQUITY,100000.00,100000.00
2026-05-24T06:10:34.962748+00:00,EQUITY,100000.00,100000.00
2026-05-24T06:10:35.076852+00:00,EQUITY,100000.00,100000.00
2026-05-24T06:10:35.195754+00:00,EQUITY,100000.00,100000.00
2026-05-24T06:11:47.646760+00:00,EQUITY,100000.00,100000.00
2026-05-24T06:11:50.606536+00:00,EQUITY,100000.00,50000.00
2026-05-24T06:11:50.729849+00:00,EQUITY,100000.00,100000.00
2026-05-24T06:11:52.740990+00:00,EQUITY,100000.00,50000.00
2026-05-24T06:11:52.897690+00:00,EQUITY,100000.00,50000.00
2026-05-24T06:11:53.023738+00:00,EQUITY,100000.00,100000.00
2026-05-24T06:11:53.176344+00:00,EQUITY,100000.00,100000.00
2026-05-24T06:11:53.308618+00:00,EQUITY,100000.00,100000.00
2026-05-24T06:11:53.444563+00:00,EQUITY,100000.00,100000.00
2026-05-24T06:11:53.567949+00:00,EQUITY,100000.00,100000.00
2026-05-24T06:14:19.828804+00:00,EQUITY,100000.00,100000.00
2026-05-24T06:14:22.742045+00:00,EQUITY,100000.00,50000.00
2026-05-24T06:14:22.862012+00:00,EQUITY,100000.00,100000.00
2026-05-24T06:14:24.874904+00:00,EQUITY,100000.00,50000.00
2026-05-24T06:14:25.018236+00:00,EQUITY,100000.00,50000.00
2026-05-24T06:14:25.139010+00:00,EQUITY,100000.00,100000.00
2026-05-24T06:14:25.280711+00:00,EQUITY,100000.00,100000.00
2026-05-24T06:14:25.394267+00:00,EQUITY,100000.00,100000.00
2026-05-24T06:14:25.510048+00:00,EQUITY,100000.00,100000.00
2026-05-24T06:14:25.626280+00:00,EQUITY,100000.00,100000.00
2026-06-02,25335.67,-74.66,25335.67,0,
2026-06-04,132046.64,32.05,14082.02,12,"AMD,BIL,IONQ,IWM,MTUM,QQQ,RKLB,SOXL,TECL,VUG,XLE,XLK"
2026-06-05,130984.08,30.98,11670.72,12,"AMD,BIL,IONQ,IWM,MTUM,QQQ,RKLB,SOXL,TECL,VUG,XLE,XLK"
2026-06-08,123864.71,23.86,6965.16,14,"AMD,BIL,DELL,IONQ,IWM,MTUM,QQQ,RKLB,SOXL,TECL,VUG,WDC,XLE,XLK"
2026-06-09,126329.77,26.33,4494.48,14,"AMD,BIL,DELL,IONQ,IWM,MTUM,QQQ,RKLB,SOXL,TECL,VUG,WDC,XLE,XLK"
2026-06-10,126337.36,26.34,2896.71,14,"AMD,BIL,DELL,IONQ,IWM,MTUM,QQQ,RKLB,SOXL,TECL,VUG,WDC,XLE,XLK"
2026-06-11,122239.96,22.24,2896.71,14,"AMD,BIL,DELL,IONQ,IWM,MTUM,QQQ,RKLB,SOXL,TECL,VUG,WDC,XLE,XLK"
2026-06-12,126419.67,26.42,2896.71,14,"AMD,BIL,DELL,IONQ,IWM,MTUM,QQQ,RKLB,SOXL,TECL,VUG,WDC,XLE,XLK"
2026-06-15,127270.37,27.27,2896.71,14,"AMD,BIL,DELL,IONQ,IWM,MTUM,QQQ,RKLB,SOXL,TECL,VUG,WDC,XLE,XLK"
2026-06-16,128509.27,28.51,2896.71,14,"AMD,BIL,DELL,IONQ,IWM,MTUM,QQQ,RKLB,SOXL,TECL,VUG,WDC,XLE,XLK"
2026-06-17,128265.23,28.27,2896.71,14,"AMD,BIL,DELL,IONQ,IWM,MTUM,QQQ,RKLB,SOXL,TECL,VUG,WDC,XLE,XLK"
2026-06-18,127593.56,27.59,2896.71,14,"AMD,BIL,DELL,IONQ,IWM,MTUM,QQQ,RKLB,SOXL,TECL,VUG,WDC,XLE,XLK"
2026-06-19,130777.23,30.78,2896.71,14,"AMD,BIL,DELL,IONQ,IWM,MTUM,QQQ,RKLB,SOXL,TECL,VUG,WDC,XLE,XLK"
2026-06-22,130777.23,30.78,2896.71,14,"AMD,BIL,DELL,IONQ,IWM,MTUM,QQQ,RKLB,SOXL,TECL,VUG,WDC,XLE,XLK"
2026-06-23,131518.43,31.52,2896.71,14,"AMD,BIL,DELL,IONQ,IWM,MTUM,QQQ,RKLB,SOXL,TECL,VUG,WDC,XLE,XLK"
2026-06-24,126776.72,26.78,2896.71,14,"AMD,BIL,DELL,IONQ,IWM,MTUM,QQQ,RKLB,SOXL,TECL,VUG,WDC,XLE,XLK"
